Rank,Name,Location,Score
1,Massachusetts Institute of Technology (MIT) ,"Cambridge, United States",100
2,Imperial College London,"London, United Kingdom",98.5
3,University of Oxford,"Oxford, United Kingdom",96.9
4,Harvard University,"Cambridge, United States",96.8
5,University of Cambridge,"Cambridge, United Kingdom",96.7
6,Stanford University,"Stanford, United States",96.1
7,ETH Zurich,"Zürich, Switzerland",93.9
8,National University of Singapore (NUS),"Singapore, Singapore",93.7
9,UCL,"London, United Kingdom",91.6
10,California Institute of Technology (Caltech),"Pasadena, United States",90.9
11,University of Pennsylvania,"Philadelphia, United States",90.3
12,"University of California, Berkeley (UCB)","Berkeley, United States",90.1
13,The University of Melbourne,"Parkville, Australia",88.9
14,Peking University,"Beijing, China (Mainland)",88.5
15,"Nanyang Technological University, Singapore (NTU Singapore)","Singapore, Singapore",88.4
16,Cornell University,"Ithaca, United States",87.9
17,The University of Hong Kong,"Hong Kong, Hong Kong SAR",87.6
18,The University of Sydney,"Sydney, Australia",87.3
19,The University of New South Wales (UNSW Sydney),"Sydney, Australia",87.1
20,Tsinghua University,"Beijing, China (Mainland)",86.5
21,University of Chicago,"Chicago, United States",86.2
22,Princeton University,"Princeton, United States",85.5
23,Yale University,"New Haven, United States",85.2
24,Université PSL,"Paris, France",84.7
25,University of Toronto,"Toronto, Canada",84.1
26,EPFL – École polytechnique fédérale de Lausanne,"Lausanne, Switzerland",83.5
27,The University of Edinburgh,"Edinburgh, United Kingdom",83.3
28,Technical University of Munich,"Munich, Germany",83.2
29,McGill University,"Montreal, Canada",83
30,Australian National University (ANU),"Canberra, Australia",82.4
31,Seoul National University,"Seoul, South Korea",82.3
=32,Johns Hopkins University,"Baltimore, United States",82.1
=32,The University of Tokyo,"Tokyo, Japan",82.1
=34,Columbia University,"New York City, United States",82
=34,The University of Manchester,"Manchester, United Kingdom",82
36,The Chinese University of Hong Kong (CUHK),"Hong Kong, Hong Kong SAR",81.3
37,Monash University,"Melbourne, Australia",81.2
38,University of British Columbia,"Vancouver, Canada",81
39,Fudan University,"Shanghai, China (Mainland)",80.3
=40,King's College London,"London, United Kingdom",80.2
=40,The University of Queensland,"Brisbane City, Australia",80.2
42,"University of California, Los Angeles (UCLA)","Los Angeles, United States",79.8
43,New York University (NYU),"New York City, United States",79.6
44,University of Michigan-Ann Arbor,"Ann Arbor, United States",79
45,Shanghai Jiao Tong University,"Shanghai, China (Mainland)",77.8
46,Institut Polytechnique de Paris,"Palaiseau Cedex, France",77.5
=47,The Hong Kong University of Science and Technology,"Hong Kong, Hong Kong SAR",77.1
=47,Zhejiang University,"Hangzhou, China (Mainland)",77.1
49,Delft University of Technology,"Delft, Netherlands",77
=50,Kyoto University,"Kyoto, Japan",76
=50,Northwestern University,"Evanston, United States",76
=50,The London School of Economics and Political Science (LSE),"London, United Kingdom",76
53,KAIST - Korea Advanced Institute of Science & Technology,"Daejeon, South Korea",75.7
54,University of Bristol,"Bristol, United Kingdom",75.4
55,University of Amsterdam,"Amsterdam, Netherlands",73.7
56,Yonsei University,"Seoul, South Korea",72.9
57,The Hong Kong Polytechnic University,"Hong Kong SAR, Hong Kong SAR",72.1
58,Carnegie Mellon University,"Pittsburgh, United States",72
59,Ludwig-Maximilians-Universität München,"Munich, Germany",71.6
60,Universiti Malaya (UM),"Kuala Lumpur, Malaysia",71.2
61,Duke University,"Durham, United States",70.8
62,City University of Hong Kong,", Hong Kong SAR",70.7
=63,KU Leuven,"Leuven, Belgium",70.3
=63,Sorbonne University,"Paris, France",70.3
65,The University of Auckland,"Auckland, New Zealand",69.7
66,University of Texas at Austin,"Austin, United States",69.5
67,Korea University,"Seoul, South Korea",69
68,National Taiwan University (NTU),"Taipei, Taiwan",68.7
=69,The University of Warwick,"Coventry, United Kingdom",68.2
=69,University of Illinois at Urbana-Champaign,"Champaign, United States",68.2
71,Universidad de Buenos Aires (UBA),"Buenos Aires, Argentina",67.6
72,"University of California, San Diego (UCSD)","San Diego, United States",67.1
73,Université Paris-Saclay,"Gif-sur-Yvette,, France",67
74,KTH Royal Institute of Technology ,"Stockholm, Sweden",65.7
75,Lund University,"Lund, Sweden",65.6
76,University of Washington,"Seattle, United States",65.3
77,The University of Western Australia,"Perth, Australia",65.2
78,University of Glasgow,"Glasgow, United Kingdom",65
79,Brown University,"Providence, United States",64.7
=80,University of Birmingham,"Birmingham, United Kingdom",64.1
=80,University of Southampton,"Southampton, United Kingdom",64.1
=82,The University of Adelaide,"Adelaide, Australia",63.8
=82,University of Leeds,"Leeds, United Kingdom",63.8
=84,Universität Heidelberg,"Heidelberg, Germany",63.7
=84,Tokyo Institute of Technology (Tokyo Tech),"Tokyo, Japan",63.7
86,Osaka University,"Osaka City, Japan",63.5
87,"Trinity College Dublin, The University of Dublin","Dublin, Ireland",62.9
88,University of Technology Sydney,"Haymarket, Australia",62.4
=89,Durham University,"Durham, United Kingdom",61.7
=89,Pennsylvania State University,"University Park, United States",61.7
=89,Purdue University,"West Lafayette, United States",61.7
92,Universidade de São Paulo,"São Paulo, Brazil",61.6
93,Pontificia Universidad Católica de Chile (UC),"Santiago, Chile",61.5
=94,Lomonosov Moscow State University,"Moscow, Russia",61.4
=94,Universidad Nacional Autónoma de México  (UNAM),"Mexico City, Mexico",61.4
96,University of Alberta,"Edmonton,, Canada",61.2
97,Freie Universitaet Berlin,"Berlin, Germany",60.6
98,Pohang University of Science And Technology (POSTECH),"Pohang , South Korea",60.3
99,RWTH Aachen University,"Aachen, Germany",59.9
100,University of Copenhagen,"Copenhagen, Denmark",59.6
101,KFUPM,"Dhahran, Saudi Arabia",59.5
102,"KIT, Karlsruhe Institute of Technology","Karlsruhe, Germany",59.4
103,Uppsala University,"Uppsala, Sweden",59.3
104,University of St Andrews,"St. Andrews, United Kingdom",59.2
=105,The University of Sheffield,"Sheffield, United Kingdom",59.1
=105,Utrecht University,"Utrecht, Netherlands",59.1
107,Tohoku University,"Sendai City, Japan",58.8
108,Boston University,"Boston, United States",58.6
108,University of Nottingham,"Nottingham, United Kingdom",58.5
=109,Technical University of Denmark,"Kongens Lyngby, Denmark",58.3
=109,University of Zurich,"Zürich, Switzerland",58.3
111,Politecnico di Milano,"Milan,, Italy",58.2
113,Aalto University,"Espoo, Finland",57.9
114,Georgia Institute of Technology,"Atlanta, United States",57.3
115,University of Waterloo,"Waterloo, Canada",57.2
116,University of Wisconsin-Madison,"Madison, United States",57.1
117,University of Helsinki,"Helsinki, Finland",56.8
118,Indian Institute of Technology Bombay (IITB),"Mumbai, India",56.3
119,University of Oslo,"Oslo, Norway",56.1
=120,Queen Mary University of London,"London, United Kingdom",55.8
=120,Western University,"London, Canada",55.8
122,Qatar University,"Doha, Qatar",55.7
=123,RMIT University,"Melbourne, Australia",55.5
=123,Sungkyunkwan University (SKKU),"Suwon, South Korea",55.5
125,University of Southern California,"Los Angeles, United States",55.2
=126,Humboldt-Universität zu Berlin,"Berlin, Germany",55
=126,University College Dublin,"Dublin, Ireland",55
128,Stockholm University,"Stockholm, Sweden",54.8
129,Newcastle University,"Newcastle upon Tyne, United Kingdom",54.5
130,"University of California, Davis","Davis, United States",54.4
131,University of Basel,"Basel, Switzerland",54.3
132,Sapienza University of Rome,"Rome, Italy",54.2
=133,Alma Mater Studiorum - Università di Bologna,"Bologna, Italy",54.1
=133,"Macquarie University (Sydney, Australia)","Sydney, Australia",54.1
=133,University of Science and Technology of China,"Hefei, China (Mainland)",54.1
136,Eindhoven University of Technology,"Eindhoven, Netherlands",54
137,University of Vienna,"Vienna, Austria",53.9
138,Universiti Kebangsaan Malaysia (UKM),"Bangi, Malaysia",53.8
=139,Chalmers University of Technology,"Gothenburg, Sweden",53.7
=139,Universidad de Chile,"Santiago, Chile",53.7
=141,Lancaster University,"Lancaster,, United Kingdom",53.6
=141,Leiden University,"Leiden, Netherlands",53.6
=141,Rice University,"Houston, United States",53.6
144,Aarhus University,"Aarhus, Denmark",53.3
145,Nanjing University,"Nanjing, China (Mainland)",53
146,Universiti Sains Malaysia (USM),"Gelugor, Malaysia",52.7
147,Technische Universität Berlin (TU Berlin),"Berlin, Germany",52.5
148,Universiti Putra Malaysia (UPM),"Seri Kembangan, Malaysia",52.3
149,King Abdulaziz University (KAU),"Jeddah, Saudi Arabia",52.2
=150,Indian Institute of Technology Delhi (IITD),"New Delhi, India",52.1
=150,University of Bath,"Bath, United Kingdom",52.1
=152,Michigan State University,"East Lansing, United States",51.9
=152,Nagoya University,"Nagoya, Japan",51.9
154,Texas A&M University,"College Station, United States",51.8
=155,University of Geneva,"Geneva, Switzerland",51.6
=155,University of North Carolina at Chapel Hill,"Chapel Hill, United States",51.6
=155,Wageningen University & Research,"Wageningen, Netherlands",51.6
158,Erasmus University Rotterdam ,"Rotterdam, Netherlands",51.5
=159,University of Groningen,"Groningen, Netherlands",51.3
=159,Université de Montréal ,"Montreal, Canada",51.3
161,University of Bern,"Bern, Switzerland",51.2
162,Hanyang University,"Seoul, South Korea",51.1
163,Al-Farabi Kazakh National University,"Almaty, Kazakhstan",51
164,Complutense University of Madrid,"Madrid, Spain",50.9
=165,Universitat de Barcelona,"Barcelona, Spain",50.7
=165,University of Liverpool,"Liverpool, United Kingdom",50.7
=167,Kyushu University,"Fukuoka City, Japan",50.3
=167,University of Wollongong,"Wollongong, Australia",50.3
=169,Ghent University,"Ghent, Belgium",50.1
=169,University of Exeter,"Exeter, United Kingdom",50.1
171,University of Cape Town,"Cape Town, South Africa",50
172,University of Reading,"Reading, United Kingdom",49.9
173,Hokkaido University,"Sapporo, Japan",49.8
174,Curtin University,"Perth, Australia",49.3
175,Universitat Autònoma de Barcelona,"Barcelona, Spain",49.2
=176,McMaster University,"Hamilton, Canada",49
=176,Washington University in St. Louis,"St. Louis, United States",49
178,"University of California, Santa Barbara (UCSB)","Santa Barbara, United States",48.9
=179,"The University of Newcastle, Australia (UON)","Callaghan, Australia",48.7
=179,Universidad de los Andes,"Bogotá, Colombia",48.7
=181,Universiti Teknologi Malaysia ,"Skudai, Malaysia",48.5
=181,Waseda University,"Tokyo, Japan",48.5
183,Hamad bin Khalifa University,"Doha, Qatar",48.3
184,University of York,"York, United Kingdom",48.2
185,Tecnológico de Monterrey,"Monterrey, Mexico",48.1
186,Cardiff University,"Cardiff, United Kingdom",47.6
187,École Normale Supérieure de Lyon,"Lyon, France",47.5
188,Keio University,"Tokyo, Japan",47.4
189,University of Ottawa,"Ottawa, Canada",47.3
190,Technische Universität Wien,"Vienna, Austria",47.2
191,Universität Hamburg,"Hamburg, Germany",47.1
192,Tongji University,"Shanghai, China (Mainland)",46.9
193,Queen's University at Kingston,"Kingston, Canada",46.8
=194,University of Gothenburg,"Gothenburg, Sweden",46.7
=194,Wuhan University,"Wuhan, China (Mainland)",46.7
196,Emory University,"Atlanta, United States",46.6
197,Deakin University,"Burwood, Australia",46.4
=198,Universidad Autónoma de Madrid,"Madrid, Spain",46.3
=198,University of Calgary,"Calgary, Canada",46.3
=200,Arizona State University,"Tempe, United States",46.2
=200,King Saud University,"Riyadh, Saudi Arabia",46.2
202,Khalifa University,"Abu Dhabi, United Arab Emirates",46.1
=203,University of Minnesota Twin Cities,"Minneapolis, United States",46
=203,Université catholique de Louvain (UCLouvain),"Louvain-la-Neuve, Belgium",46
205,Ecole des Ponts ParisTech,"Paris, France",45.8
=206,Queen's University Belfast,"Belfast, United Kingdom",45.7
=206,Universitas Indonesia,"Depok, Indonesia",45.7
208,The Ohio State University,"Columbus, United States",45.6
209,Tel Aviv University,"Tel Aviv, Israel",45.2
210,National Tsing Hua University,"Hsinchu City, Taiwan",45.1
211,Indian Institute of Science,"Bangalore, India",45
212,Albert-Ludwigs-Universitaet Freiburg,"Freiburg im Breisgau, Germany",44.8
213,Queensland University of Technology (QUT),"Brisbane, Australia",44.7
214,University of Otago,"Dunedin, New Zealand",44.4
=215,National Cheng Kung University (NCKU),"Tainan City, Taiwan",44.2
=215,University of Florida,"Gainesville, United States",44.2
217,La Trobe University,"Melbourne, Australia",44.1
218,"University of Maryland, College Park","College Park, United States",44
=219,National Yang Ming Chiao Tung University,"Hsinchu City, Taiwan",43.9
=219,Universidad Nacional de Colombia,"Bogotá, Colombia",43.9
221,Vrije Universiteit Amsterdam,"Amsterdam, Netherlands",43.8
=222,Eberhard Karls Universität Tübingen,"Tübingen, Germany",43.7
=222,Indian Institute of Technology Kharagpur (IIT-KGP),"Kharagpur, India",43.7
=224,Friedrich-Alexander-Universität Erlangen-Nürnberg,"Erlangen, Germany",43.6
=224,Loughborough University,"Loughborough, United Kingdom",43.6
=224,University of Lausanne,"Lausanne, Switzerland",43.6
=227,Indian Institute of Technology Madras (IITM),"Chennai, India",43.5
=227,Rheinische Friedrich-Wilhelms-Universität Bonn,"Bonn, Germany",43.5
229,Chulalongkorn University,"Bangkok, Thailand",43.4
=230,Maastricht University,"Maastricht, Netherlands",43
=230,Universite libre de Bruxelles,"Brussels, Belgium",43
232,Universidade Estadual de Campinas (Unicamp),"Campinas, Brazil",42.9
233,University of Twente,"Enschede, Netherlands",42.7
234,Technische Universität Dresden,"Dresden, Germany",42.6
235,University of Waikato,"Hamilton , New Zealand",42.5
=236,University of Aberdeen,"Aberdeen, United Kingdom",42.3
=236,University of Rochester,"Rochester, United States",42.3
=236,Università di Padova,"Padova, Italy",42.3
=239,Gadjah Mada University,"Yogyakarta, Indonesia",41.8
=239,Massey University,"Palmerston North, New Zealand",41.8
=241,Politecnico di Torino,"Turin, Italy",41.7
=241,Technical University of Darmstadt,"Darmstadt, Germany",41.7
243,Dartmouth College,"Hanover, United States",41.3
244,Victoria University of Wellington,"Kelburn, Wellington, New Zealand",41.2
245,University of Macau,"Macau, Macau SAR",41.1
=246,Charles University,"Prague, Czechia",41
=246,University of Sussex,"Brighton, United Kingdom",41
248,Vanderbilt University,"Nashville, United States",40.8
249,University of Navarra,"Pamplona, Spain",40.7
250,American University of Beirut (AUB),"Beirut, Lebanon",40.6
251,Taylor's University,"Subang Jaya, Malaysia",40.5
=252,Harbin Institute of Technology,"Harbin, China (Mainland)",40.3
=252,Hong Kong Baptist University,"Hong Kong, Hong Kong SAR",40.3
=252,University of Göttingen,"Göttingen, Germany",40.3
255,Griffith University,"Nathan, Australia",40.1
=256,Bandung Institute of Technology (ITB),"Bandung, Indonesia",39.9
=256,Heriot-Watt University,"Edinburgh, United Kingdom",39.9
258,University of Warsaw,"Warsaw, Poland",39.8
259,Case Western Reserve University,"Cleveland, United States",39.7
260,University of Lisbon ,"Lisbon, Portugal",39.6
=261,United Arab Emirates University,"Al Ain, United Arab Emirates",39.4
=261,University of Canterbury | Te Whare Wānanga o Waitaha,"Christchurch, New Zealand",39.4
263,Indian Institute of Technology Kanpur (IITK),"Kanpur, India",39.3
264,Norwegian University of Science And Technology,"Trondheim, Norway",39.1
=265,UCSI University,"Kuala Lumpur, Malaysia",38.8
=265,Universitat Pompeu Fabra (Barcelona),"Barcelona, Spain",38.8
=267,University of Antwerp,"Antwerp, Belgium",38.7
=267,University of Witwatersrand,"Johannesburg, South Africa",38.7
=269,Tianjin University,"Tianjin, China (Mainland)",38.6
=269,Universiti Teknologi PETRONAS (UTP),"Seri Iskandar, Malaysia",38.6
271,Beijing Normal University ,"Beijing, China (Mainland)",38.5
272,Radboud University,"Nijmegen, Netherlands",38.4
=273,University College Cork,"Cork, Ireland",38.3
=273,University of Galway,"Galway, Ireland",38.3
=275,Dalhousie University,"Halifax, Canada",38.2
=275,University of Massachusetts Amherst,"Amherst, United States",38.2
=275,University of Pittsburgh,"Pittsburgh, United States",38.2
=278,University of Porto,"Porto, Portugal",38.1
=278,Vrije Universiteit Brussel (VUB),"Brussels, Belgium",38.1
280,Ulsan National Institute of Science and Technology (UNIST),"Ulsan, South Korea",38
=281,The Hebrew University of Jerusalem,"Jerusalem, Israel",37.9
=281,University of Strathclyde,"Glasgow, United Kingdom",37.9
283,Université Paris 1 Panthéon-Sorbonne ,"Paris, France",37.5
284,Southern University of Science and Technology (SUSTech),"Shenzhen, China (Mainland)",37.3
=285,Middle East Technical University,"Ankara, Türkiye",37.2
=285,Universidad Carlos III de Madrid (UC3M),"Madrid, Spain",37.2
=285,University of Cologne,"Cologne, Germany",37.2
=285,University of Leicester,"Leicester, United Kingdom",37.2
=285,University of Milan,"Milan, Italy",37.2
=285,University of Surrey,"Guildford, United Kingdom",37.2
=291,Swinburne University of Technology,"Melbourne, Australia",37.1
=291,University of Bergen,"Bergen, Norway",37.1
=293,The University of Arizona,"Tucson, United States",37
=293,University of Tasmania,"Hobart, Australia",37
295,Xi’an Jiaotong University,"Xi'an, China (Mainland)",36.9
296,Stellenbosch University,"Stellenbosch, South Africa",36.7
297,University of Virginia,"Charlottesville, United States",36.6
=298,Bauman Moscow State Technical University,"Moscow, Russia",36.5
=298,Swansea University,"Swansea, United Kingdom",36.5
300,Huazhong University of Science and Technology,"Wuhan, China (Mainland)",36.4
301,Georgetown University,"Washington D.C., United States",36.3
=302,Beijing Institute of Technology,"Beijing, China (Mainland)",35.9
=302,Université Paris Cité,"Paris, France",35.9
=304,Linköping University,"Linköping, Sweden",35.8
=304,Universidade Federal do Rio de Janeiro,"Rio de Janeiro, Brazil",35.8
306,Aalborg University,"Aalborg,, Denmark",35.7
307,"University of California, Irvine","Irvine, United States",35.5
308,Airlangga University,"Surabaya, Indonesia",35.3
=309,Goethe-University Frankfurt am Main,"Frankfurt, Germany",35.2
=309,Universität Innsbruck,"Innsbruck, Austria",35.2
311,North Carolina State University,"Raleigh, United States",35.1
=312,Jagiellonian University,"Krakow, Poland",35
=312,University of Johannesburg,"Johannesburg, South Africa",35
314,Universität Stuttgart,"Stuttgart, Germany",34.9
315,Quaid-i-Azam University,"Islamabad, Pakistan",34.8
=316,RUDN University,"Moscow, Russia",34.7
=316,Shandong University,"Jinan, China (Mainland)",34.7
=316,University of Notre Dame,"Notre Dame, United States",34.7
319,Simon Fraser University,"Burnaby, Canada",34.6
320,University of Colorado Boulder,"Boulder, United States",34.4
=321,L.N. Gumilyov Eurasian National University (ENU),"Astana, Kazakhstan",34.2
=321,National Technical University of Athens,"Athens, Greece",34.2
=321,Universidad Politécnica de Madrid (UPM),"Madrid, Spain",34.2
=324,University of Miami,"Miami, United States",34.1
=324,University of Southern Denmark (SDU),"Odense, Denmark",34.1
=326,Daegu Gyeongbuk Institute of Science and Technology (DGIST),"Daegu, South Korea",34
=326,Istanbul Technical University,"Istanbul, Türkiye",34
=328,Kyung Hee University,"Seoul, South Korea",33.8
=328,Rutgers University–New Brunswick,"New Brunswick, United States",33.8
=328,University of Delhi,"New Delhi, India",33.8
331,"Sun Yat-sen University, Guangzhou","Guangzhou, China (Mainland)",33.7
=332,American University of Sharjah,"Sharjah, United Arab Emirates",33.6
=332,University of East Anglia (UEA),"Norwich, United Kingdom",33.6
334,Université Grenoble Alpes,"Grenoble, France",33.5
335,Indian Institute of Technology Roorkee (IITR),"Roorkee, India",33.4
=336,Flinders University,"Adelaide, Australia",33.3
=336,Lappeenranta-Lahti University of Technology LUT,"Lappeenranta, Finland",33.3
=336,Sichuan University,"Chengdu, China (Mainland)",33.3
=336,University of the Philippines,"Quezon City, Philippines",33.3
=340,University of Saskatchewan,"Saskatoon, Canada",33.2
=340,University of South Australia,"Adelaide, Australia",33.2
=342,Brunel University London,"London, United Kingdom",33
=342,Sharif University of Technology,"Tehran, Iran",33
=344,Indian Institute of Technology Guwahati (IITG),"Guwahati, India",32.9
=344,Tufts University,"Medford, United States",32.9
=344,University of Oulu,"Oulu, Finland",32.9
=347,Tilburg University,"Tilburg, Netherlands",32.8
=347,University of Naples - Federico II,"Naples, Italy",32.8
349,University of Victoria (UVic),"Victoria, Canada",32.6
=350,Cairo University,"Giza, Egypt",32.5
=350,Sciences Po,"Paris, France",32.5
352,"City, University of London","London, United Kingdom",32.4
353,National University of Sciences & Technology (NUST) Islamabad,"Islamabad, Pakistan",32.3
354,University of Pretoria,"Pretoria, South Africa",32.2
=355,Indiana University Bloomington,"Bloomington, United States",32.1
=355,University of Coimbra,"Coimbra, Portugal",32.1
=355,University of Luxembourg,"Luxembourg, Luxembourg",32.1
358,University of Tartu,"Tartu, Estonia",32
=359,Gwangju Institute of Science and Technology (GIST),"Gwangju, South Korea",31.9
=359,Pontificia Universidad Catolica del Peru (PUCP),"Lima, Peru",31.9
=359,University of Aveiro,"Aveiro, Portugal",31.9
=362,Sultan Qaboos University,"Muscat, Oman",31.7
=362,Xiamen University,"Xiamen, China (Mainland)",31.7
=362,York University,"Toronto, Canada",31.7
=365,Saint Petersburg State University,"Saint Petersburg, Russia",31.6
=365,University of Illinois at Chicago (UIC),"Chicago, United States",31.6
367,University of Münster,"Munster, Germany",31.5
=368,Mahidol University,"Nakhon Pathom, Thailand",31.4
=368,University of Jordan,"Amman, Jordan",31.4
=368,University of Tehran,"Tehran, Iran",31.4
=371,George Washington University,"Washington D.C., United States",31.3
=371,Lincoln University,"Lincoln, New Zealand",31.3
=371,Universitat Politècnica de Catalunya · BarcelonaTech (UPC),"Barcelona, Spain",31.3
=371,University of Turin,"Turin, Italy",31.3
=375,University of Florence,"Florence, Italy",31.2
=375,University of Turku,"Turku, Finland",31.2
=377,Nankai University,"Tianjin, China (Mainland)",31.1
=377,Pontificia Universidad Javeriana,"Bogotá, Colombia",31.1
=377,University of Tsukuba,"Tsukuba City, Japan",31.1
=380,Technische Universität Bergakademie Freiberg,"Freiberg, Germany",30.8
=380,University of Kent,"Canterbury, United Kingdom",30.8
382,University of Pisa,"Pisa, Italy",30.7
383,Anna University,"Chennai, India",30.6
384,Western Sydney University,"Milperra, Australia",30.5
=385,South China University of Technology,"Guangzhou, China (Mainland)",30.4
=385,Universiti Brunei Darussalam (UBD),"Bandar Seri Begawan, Brunei",30.4
387,Belarusian State University,"Minsk, Belarus",30.3
388,Universidade Nova de Lisboa,"Lisbon, Portugal",30.2
=389,University of Cyprus (UCY),"Nicosia, Cyprus",30.1
=389,Università Vita-Salute San Raffaele,"Milan, Italy",30.1
=389,Virginia Polytechnic Institute and State University,"Blacksburg, United States",30.1
392,National Taiwan University of Science and Technology (Taiwan Tech),"Taipei City, Taiwan",30
=393,National and Kapodistrian University of Athens,"Athens, Greece",29.9
=393,"University of California, Santa Cruz","Santa Cruz, United States",29.9
=393,"University of Rome ""Tor Vergata""","Rome, Italy",29.9
=396,Northeastern University,"Boston, United States",29.7
=396,Ruhr-Universität Bochum,"Bochum, Germany",29.7
=396,Sejong University,"Seoul, South Korea",29.7
=396,University of Southern Queensland,"Toowoomba, Australia",29.7
=396,Université de Liège,"Liège, Belgium",29.7
=401,Kazan (Volga region) Federal University,"Kazan, Russia",29.6
=401,Koç University,"Istanbul, Türkiye",29.6
=403,Amirkabir University of Technology,"Tehran, Iran",29.5
=403,University of Canberra,"Bruce, Australia",29.5
=405,Institut National des Sciences Appliquées de Lyon (INSA),"Lyon, France",29.3
=405,Satbayev University,"Almaty, Kazakhstan",29.3
=405,USI - Università della Svizzera italiana,"Lugano, Switzerland",29.3
=408,"Birkbeck, University of London","London, United Kingdom",29.1
=408,Masaryk University,"Brno, Czechia",29.1
=410,HSE University,"Moscow, Russia",29
=410,The American University in Cairo,"Cairo, Egypt",29
412,Auckland University of Technology (AUT),"Auckland, New Zealand",28.9
=413,Graz University of Technology,"Graz, Austria",28.8
=413,Yeshiva University,"New York City, United States",28.8
415,Concordia University,"Montreal, Canada",28.7
=416,Oxford Brookes University,"Oxford, United Kingdom",28.6
=416,Technion - Israel Institute of Technology,"Haifa, Israel",28.6
=418,University of Dundee,"Dundee, United Kingdom",28.5
=418,Bogaziçi Üniversitesi,"Istanbul, Türkiye",28.5
420,Czech Technical University in Prague,"Prague, Czechia",28.4
=421,Dublin City University,"Dublin, Ireland",28.3
=421,University of Limerick,"Limerick, Ireland",28.3
=423,Aston University,"Birmingham, United Kingdom",28.1
=423,Université Laval,"Québec, Canada",28.1
425,National Taipei University of Technology,"Taipei City, Taiwan",28
=426,IPB University (aka Bogor Agricultural University),"Bogor, Indonesia",27.9
=426,Leibniz University Hannover,"Hanover, Germany",27.9
=428,Julius-Maximilians-Universität Würzburg,"Würzburg, Germany",27.8
=428,Southeast University,"Nanjing, China (Mainland)",27.8
430,University of Science and Technology Beijing,"Beijing, China (Mainland)",27.7
=431,Central South University,"Changsha,, China (Mainland)",27.6
=431,Tomsk State University,"Tomsk, Russia",27.6
=431,University of Granada,"Granada, Spain",27.6
434,University of Sharjah,"Sharjah, United Arab Emirates",27.5
435,IE University,"Segovia, Spain",27.4
=436,Iran University of Science and Technology,"Tehran, Iran",27.2
=436,Murdoch University,"Murdoch, Australia",27.2
=436,Universitat Politecnica de Valencia,"València, Spain",27.2
439,Vilnius University ,"Vilnius, Lithuania",27.1
=440,Singapore University of Technology and Design,"Singapore, Singapore",27
=440,Università degli Studi di Pavia,"Pavia, Italy",27
=442,Colorado State University,"Fort Collins, United States",26.8
=442,Novosibirsk State University,"Novosibirsk , Russia",26.8
=442,Università Cattolica del Sacro Cuore,"Milan, Italy",26.8
=445,James Cook University,"Townsville, Australia",26.7
=445,Justus-Liebig-University Giessen,"Giessen, Germany",26.7
=445,Universitat de Valencia,"València, Spain",26.7
=448,Dalian University of Technology,"Dalian, China (Mainland)",26.6
=448,Hunan University ,"Changsha, China (Mainland)",26.6
=448,Université de Montpellier,"Montpellier, France",26.6
451,University of Electronic Science and Technology of China,"Chengdu, China (Mainland)",26.5
=452,Beihang University (former BUAA),"Beijing, China (Mainland)",26.4
=452,National Taiwan Normal University,"Taipei City, Taiwan",26.4
=452,University of Kansas,"Lawrence, United States",26.4
=452,University of Stirling,"Stirling, United Kingdom",26.4
=456,Moscow Institute of Physics and Technology (MIPT / Moscow Phystech),"Dolgoprudny, Russia",26.3
=456,Umea University,"Umeå, Sweden",26.3
=456,University of Guelph,"Guelph, Canada",26.3
=456,Université de Strasbourg,"Strasbourg, France",26.3
460,"Stony Brook University, State University of New York","Stony Brook, United States",26.2
461,Universidad de Santiago de Chile (USACH),"Santiago, Chile",26.1
=462,Tampere University,"Tampere, Finland",26
=462,Universidad de Sevilla,"Seville, Spain",26
464,Macau University of Science and Technology,"Macau, Macau SAR",25.9
465,Kobe University,"Kobe City, Japan",25.8
=466,Universitat Ramon Llull,"Barcelona, Spain",25.7
=466,University at Buffalo SUNY,"Buffalo, United States",25.7
=466,Universität Konstanz,"Konstanz, Germany",25.7
=466,Washington State University,"Pullman, United States",25.7
470,Iowa State University,"Ames, United States",25.6
471,Ben-Gurion University of The Negev,"Be'er Sheva, Israel",25.5
=472,"Essex, University of","Colchester, United Kingdom",25.3
=472,Johannes Kepler University Linz,"Linz, Austria",25.3
=474,Bangor University,"Bangor, United Kingdom",25.2
=474,Hiroshima University,"Higashihiroshima City, Japan",25.2
=474,Universität Potsdam,"Potsdam, Germany",25.2
=477,Ajman University,"Ajman, United Arab Emirates",25.1
=477,Bilkent University,"Ankara, Türkiye",25.1
=477,Indian Institute of Technology Indore,"Indore, India",25.1
=477,"Royal Holloway, University of London","Egham, United Kingdom",25.1
=481,Aix-Marseille University,"Marseille, France",25
=481,Pontificia Universidad Católica Argentina,"Buenos Aires, Argentina",25
=481,"The University of Tennessee, Knoxville","Knoxville, United States",25
484,China Agricultural University ,"Beijing, China (Mainland)",24.9
=485,American University of Ras Al Khaimah,"Ras Al Khaima, United Arab Emirates",24.8
=485,National Sun Yat-sen University,"Kaohsiung City, Taiwan",24.8
487,Universität Mannheim,"Mannheim, Germany",24.7
488,University of Hawaiʻi at Mānoa,"Honolulu, United States",24.6
=489,Chongqing University,"Chongqing, China (Mainland)",24.5
=489,Chung-Ang University (CAU),"Seoul, South Korea",24.5
=489,Isfahan University of Technology,"Isfahan, Iran",24.5
=489,Shanghai University,"Shanghai, China (Mainland)",24.5
=489,UNESP,"Sao Paulo, Brazil",24.5
=489,University of Jyväskylä,"Jyväskylä, Finland",24.5
=495,Central Queensland University (CQUniversity Australia),"Norman Gardens, Australia",24.4
=495,Duy Tan University,"Da Nang, Vietnam",24.4
=497,Jilin University,"Changchun, China (Mainland)",24.2
=497,National Research Nuclear University MEPhI (Moscow Engineering Physics Institute),"Moscow, Russia",24.2
=497,Universidad de Costa Rica,"San Jose, Costa Rica",24.2
=497,"University of California, Riverside","Riverside, United States",24.2
=501,Abu Dhabi University,"Abu Dhabi, United Arab Emirates",24.1
=501,Colorado School of Mines,"Golden, United States",24.1
=501,East China Normal University,"Shanghai, China (Mainland)",24.1
=501,Johannes Gutenberg Universität Mainz,"Mainz, Germany",24.1
=501,University of Huddersfield,"Huddersfield, United Kingdom",24.1
=506,University of Delaware,"Newark, United States",24
=506,University of Trento,"Trento, Italy",24
=508,Aristotle University of Thessaloniki,"Thessaloniki, Greece",23.9
=508,SOAS University of London ,"London, United Kingdom",23.9
=508,Shenzhen University,"Shenzhen, China (Mainland)",23.9
=511,Ewha Womans University,"Seoul, South Korea",23.8
=511,Zhengzhou University,"Zhengzhou, China (Mainland)",23.8
=513,Imam Abdulrahman Bin Faisal University (IAU),"Dammam, Saudi Arabia",23.7
=513,Prince Mohammad Bin Fahd university,"Al Khobar, Saudi Arabia",23.7
=513,University of Milano-Bicocca ,"Milan, Italy",23.7
=516,Ateneo de Manila University,"Quezon City, Philippines",23.6
=516,Edith Cowan University ,"Joondalup, Australia",23.6
=516,INTI International University,"Nilai, Malaysia",23.6
=516,Kyungpook National University,"Daegu, South Korea",23.6
=516,Sabanci University,"Istanbul, Türkiye",23.6
=516,University of Hull,"Hull, United Kingdom",23.6
=516,Ural Federal University - UrFU,"Ekaterinburg, Russia",23.6
523,Canadian University Dubai,"Dubai, United Arab Emirates",23.5
=524,Pusan National University,"Busan, South Korea",23.4
=524,Universidad Austral,"Pilar, Argentina",23.4
526,Universität Jena,"Jena, Germany",23.3
=527,Missouri University of Science and Technology,"Rolla, United States",23.2
=527,University of Bayreuth,"Bayreuth, Germany",23.2
=527,Universität  Leipzig,"Leipzig, Germany",23.2
=527,Warsaw University of Technology,"Warsaw, Poland",23.2
=531,Coventry University,"Coventry, United Kingdom",23.1
=531,Indian Institute of Technology BHU Varanasi (IIT BHU Varanasi),"Varanasi, India",23.1
=531,University of Bradford,"Bradford, United Kingdom",23.1
=531,University of Utah,"Salt Lake City, United States",23.1
534,Universidad Nacional de La Plata (UNLP),"La Plata, Argentina",23
=535,Lahore University of Management Sciences (LUMS),"Lahore, Pakistan",22.9
=535,Northumbria University at Newcastle,"Newcastle upon Tyne, United Kingdom",22.9
=535,University of Bordeaux,"Talence, France",22.9
=535,University of Eastern Finland,"Kuopio, Finland",22.9
=539,Applied Science University - Bahrain,"Al-Ekir, Bahrain",22.8
=539,Hitotsubashi University,"Kunitachi City, Japan",22.8
=539,Sunway University,"Petaling Jaya, Malaysia",22.8
=539,University of Salamanca,"Salamanca, Spain",22.8
=539,Université de Fribourg,"Fribourg, Switzerland",22.8
=544,Comillas Pontifical University,"Madrid, Spain",22.7
=544,Universidad de Zaragoza,"Zaragoza, Spain",22.7
=547,Northwestern Polytechnical University,"Xi'an, China (Mainland)",22.6
=547,Tashkent Institute of Irrigation and Agricultural Mechanization Engineers (TIIAME)-National Research University,"Tashkent, Uzbekistan",22.6
=547,University of Genoa,"Genoa, Italy",22.6
=547,University of Iceland,"Reykjavík, Iceland",22.6
=547,University of Windsor,"Windsor, Canada",22.6
=552,Al Ain University,"Al Ain,, United Arab Emirates",22.5
=552,University of Tabriz,"Tabriz, Iran",22.5
=554,Hasselt University ,"Diepenbeek, Belgium",22.4
=554,Jordan University of Science & Technology,"Irbid, Jordan",22.4
=554,Universiti Utara Malaysia (UUM),"Sintok, Malaysia",22.4
=554,Ulm University,"Ulm, Germany",22.4
=554,University of Dhaka,"Dhaka, Bangladesh",22.4
=559,Peter the Great St. Petersburg Polytechnic University,"St. Petersburg, Russia",22.3
=559,Ulster University,"Coleraine, United Kingdom",22.3
=559,Umm Al-Qura University,"Makkah, Saudi Arabia",22.3
=562,Universiti Teknologi Brunei,"Bandar Seri Begawan, Brunei",22.2
=562,Université Claude Bernard Lyon 1,"Villeurbanne, France",22.2
564,Eötvös Loránd University,"Budapest, Hungary",22.1
=565,Nanjing University of Science and Technology,"Nanjing, China (Mainland)",22
=565,University of Connecticut,"Storrs, United States",22
=567,Chiang Mai University,"Chiang Mai, Thailand",21.9
=567,Lebanese University,"Beirut, Lebanon",21.9
=567,MGIMO University,"Moscow, Russia",21.9
=570,"University of Chemistry and Technology, Prague","Prague, Czechia",21.8
=570,University of Szeged,"Szeged, Hungary",21.8
=570,University of the Punjab,"Lahore, Pakistan",21.8
573,Florida State University,"Tallahassee, United States",21.6
=574,Florida International University,"Miami, United States",21.5
=574,University of Debrecen,"Debrecen, Hungary",21.5
=576,National Research Tomsk Polytechnic University,"Tomsk, Russia",21.4
=576,Sogang University,"Seoul, South Korea",21.4
=576,Southern Cross University ,"Lismore, Australia",21.4
=576,Universidad Adolfo Ibáñez,"Santiago, Chile",21.4
=580,Jawaharlal Nehru University,"New Delhi, India",21.3
=580,Jinan University (China),"Guangzhou, China (Mainland)",21.3
=580,Management and Science University,"Shah Alam, Malaysia",21.3
=580,Politecnico di Bari,"Bari, Italy",21.3
=580,Université Paul Sabatier Toulouse III,"Toulouse, France",21.3
=585,Institut Teknologi Sepuluh Nopember (ITS Surabaya),"Surabaya, Indonesia",21.2
=585,Singapore Management University,"Singapore, Singapore",21.2
=587,Bond University,"Gold Coast, Australia",21.1
=587,Shoolini University of Biotechnology and Management Sciences,"Solan, India",21.1
=587,The University of Georgia,"Athens, United States",21.1
=587,Universiti Teknologi MARA - UiTM,"Shah Alam, Malaysia",21.1
=587,University of Kwazulu-Natal,"Pinetown, South Africa",21.1
=592,"Ain Shams University in Cairo (ASU, Cairo)","Cairo, Egypt",21
=592,Nottingham Trent University,"Nottingham, United Kingdom",21
=592,Universität Bremen,"Bremen, Germany",21
595,ITMO University,"St. Petersburg, Russia",20.9
=596,Thammasat University,"Bangkok, Thailand",20.8
=596,Universitas Padjadjaran (UNPAD),"Bandung, Indonesia",20.8
=596,University of Iowa,"Iowa City, United States",20.8
=596,University of Ljubljana,"Ljubljana, Slovenia",20.8
=596,University of Texas Dallas,"Richardson, United States",20.8
601-610,Ca' Foscari University of Venice ,"Venice, Italy",n/a
601-610,Illinois Institute of Technology,"Chicago, United States",n/a
601-610,King Khalid University,"Abha, Saudi Arabia",n/a
601-610,"Kingston University, London","Kingston upon Thames, United Kingdom",n/a
601-610,Manchester Metropolitan University,"Manchester , United Kingdom",n/a
601-610,National Chengchi University,"Taipei City, Taiwan",n/a
601-610,Paris Lodron University of Salzburg,"Salzburg , Austria",n/a
601-610,Rensselaer Polytechnic Institute,"Troy, United States",n/a
601-610,University of Crete,"Heraklion, Greece",n/a
601-610,University of Hohenheim,"Stuttgart, Germany",n/a
601-610,University of South Carolina,"Columbia, United States",n/a
601-610,Saarland University,"Saarbrücken, Germany",n/a
611-620,American University of the Middle East,"Egaila, Kuwait",n/a
611-620,Asia Pacific University of Technology and Innovation (APU) Malaysia,"Kuala Lumpur, Malaysia",n/a
611-620,Brno University of Technology,"Brno, Czechia",n/a
611-620,Christian-Albrechts-University zu Kiel,"Kiel, Germany",n/a
611-620,Eastern Mediterranean University,"Famagusta, Northern Cyprus",n/a
611-620,Pontifícia Universidade Católica do Rio de Janeiro,"Rio de Janeiro, Brazil",n/a
611-620,Taipei Medical University (TMU),"Taipei, Taiwan",n/a
611-620,University of Klagenfurt,"Klagenfurt, Austria",n/a
611-620,University of Minho,"Braga, Portugal",n/a
621-630,Abo Akademi University,"Turku, Finland",n/a
621-630,American University in Dubai,"Dubai, United Arab Emirates",n/a
621-630,Auezov South Kazakhstan University (SKU),"Shymkent, Kazakhstan",n/a
621-630,Charles Darwin University ,"Casuarina, Australia",n/a
621-630,Istanbul University,"Istanbul, Türkiye",n/a
621-630,Renmin (People's) University of China,"Beijing, China (Mainland)",n/a
621-630,Tallinn University of Technology (TalTech),"Tallinn, Estonia",n/a
621-630,Universidad de Alcalá,"Alcalá de Henares, Spain",n/a
621-630,Universidad de Palermo (UP),"Buenos Aires, Argentina",n/a
621-630,University of South Florida,"Tampa, United States",n/a
621-630,University of Tromsø The Arctic University of Norway,"Tromsø, Norway",n/a
621-630,Zayed University,"Abu Dhabi,, United Arab Emirates",n/a
631-640,Ajou University ,"Suwon, South Korea",n/a
631-640,Boston College,"Chestnut Hill, United States",n/a
631-640,Chang Gung University,"Taoyuan City, Taiwan",n/a
631-640,"China University of Petroleum, Beijing","Beijing, China (Mainland)",n/a
631-640,Far Eastern Federal University,"Vladivostok, Russia",n/a
631-640,Inha University,"Incheon, South Korea",n/a
631-640,Savitribai Phule Pune University,"Pune, India",n/a
631-640,Tulane University,"New Orleans, United States",n/a
631-640,Universidad de Concepción,"Concepción, Chile",n/a
631-640,University of Portsmouth,"Portsmouth, United Kingdom",n/a
641-650,Beirut Arab University ,"Beirut, Lebanon",n/a
641-650,De La Salle University,"Manila, Philippines",n/a
641-650,East China University of Science and Technology,"Shanghai, China (Mainland)",n/a
641-650,Hacettepe University ,"Ankara, Türkiye",n/a
641-650,Lehigh University,"Bethlehem, United States",n/a
641-650,National Central University,"Taoyuan City, Taiwan",n/a
641-650,Oregon State University,"Corvallis, United States",n/a
641-650,Ritsumeikan University,"Kyoto, Japan",n/a
641-650,Soochow University,"Suzhou, China (Mainland)",n/a
641-650,Symbiosis International (Deemed University),"Pune, India",n/a
641-650,Universiti Tenaga Nasional (UNITEN),"Kajang, Malaysia",n/a
641-650,"University of Missouri, Columbia","Columbia, United States",n/a
641-650,University of the Basque Country,"Leioa, Spain",n/a
651-660,HUFS - Hankuk (Korea) University of Foreign Studies ,"Seoul, South Korea",n/a
651-660,Palacký University Olomouc,"Olomouc,, Czechia",n/a
651-660,Universidade de Santiago de Compostela,"Santiago de Compostela, Spain",n/a
651-660,University of Houston,"Houston, United States",n/a
651-660,University of Zagreb,"Zagreb, Croatia",n/a
661-670,Aberystwyth University,"Aberystwyth, United Kingdom",n/a
661-670,City University of New York,"New York City, United States",n/a
661-670,Comenius University Bratislava,"Bratislava, Slovakia",n/a
661-670,Free University of Bozen-Bolzano,"Bolzano, Italy",n/a
661-670,ISCTE-IUL,"Lisbon, Portugal",n/a
661-670,International Islamic University Malaysia (IIUM),"Kuala Lumpur, Malaysia",n/a
661-670,Memorial University of Newfoundland,"St. John's, Canada",n/a
661-670,National Chung Hsing University,"Taichung City, Taiwan",n/a
661-670,"Sofia University ""St. Kliment Ohridski""","Sofia, Bulgaria",n/a
661-670,Tokyo Medical and Dental University (TMDU),"Tokyo, Japan",n/a
661-670,Universidad de la República (Udelar),"Montevideo, Uruguay",n/a
661-670,University of Manitoba,"Winnipeg, Canada",n/a
661-670,University of Plymouth,"Plymouth, United Kingdom",n/a
671-680,Abai Kazakh National Pedagogical University,"Almaty, Kazakhstan",n/a
671-680,Bar-Ilan University,"Ramat Gan, Israel",n/a
671-680,Karl-Franzens-Universitaet Graz,"Graz, Austria",n/a
671-680,Kazakh National Agrarian Research University (KazNARU),"Almaty, Kazakhstan",n/a
671-680,Martin-Luther-Universität Halle-Wittenberg,"Halle, Germany",n/a
671-680,Universidade Federal de Minas Gerais      ,"Belo Horizonte, Brazil",n/a
671-680,University of Haifa,"Haifa, Israel",n/a
681-690,China University of Mining and Technology,"Xuzhou, China (Mainland)",n/a
681-690,"Goldsmiths, University of London","London, United Kingdom",n/a
681-690,Indian Institute of Technology Hyderabad (IITH),"Sangareddy, India",n/a
681-690,Jeonbuk National University,"Jeonju, South Korea",n/a
681-690,Prince Sultan University,"Riyadh, Saudi Arabia",n/a
681-690,Princess Nourah bint Abdulrahman University,"Riyadh, Saudi Arabia",n/a
681-690,Temple University,"Philadelphia, United States",n/a
681-690,"University of Agriculture, Faisalabad ","Faisalabad, Pakistan",n/a
681-690,University of New Brunswick,"Fredericton, Canada",n/a
691-700,Chandigarh University,"Mohali, India",n/a
691-700,Norwegian University of Life Sciences,"Ås, Norway",n/a
691-700,Pakistan Institute of Engineering and Applied Sciences (PIEAS),"Islamabad, Pakistan",n/a
691-700,Shiraz University,"Shiraz, Iran",n/a
691-700,Universidad Central de Venezuela,"Caracas, Venezuela",n/a
691-700,Universidad Panamericana (UP),"Mexico City, Mexico",n/a
691-700,Universidad de La Habana,"Havana, Cuba",n/a
691-700,Universidade Federal de São Paulo,"São Paulo, Brazil",n/a
691-700,Universidade Federal do Rio Grande Do Sul ,"Porto Alegre, Brazil",n/a
691-700,University of Brescia,"Brescia, Italy",n/a
691-700,University of Greenwich,"Greenwich, United Kingdom",n/a
691-700,University of Siena,"Siena, Italy",n/a
701-710,Beijing University of Chemical Technology,"Beijing, China (Mainland)",n/a
701-710,Dongguk University ,"Seoul, South Korea",n/a
701-710,Lebanese American University,"Byblos, Lebanon",n/a
701-710,"National Institute of Technology, Tiruchirappalli","Tiruchirappalli, India",n/a
701-710,Stevens Institute of Technology,"Hoboken, United States",n/a
701-710,Taras Shevchenko National University of Kyiv,"Kyiv, Ukraine",n/a
701-710,University of Nebraska - Lincoln,"Lincoln, United States",n/a
701-710,University of Oklahoma,"Norman, United States",n/a
711-720,Ahlia University,"Manama, Bahrain",n/a
711-720,American University,"Washington D.C., United States",n/a
711-720,COMSATS University Islamabad,"Islamabad, Pakistan",n/a
711-720,Czech University of Life Sciences in Prague,"Prague, Czechia",n/a
711-720,De Montfort University,"Leicester, United Kingdom",n/a
711-720,"Lingnan University, Hong Kong","Hong Kong, Hong Kong SAR",n/a
711-720,Nanjing Agricultural University,"Nanjing, China (Mainland)",n/a
711-720,Plekhanov Russian University of Economics,"Moscow, Russia",n/a
711-720,Saint Joseph University of Beirut (USJ) ,"Beirut, Lebanon",n/a
711-720,The National University of Science and Technology MISIS,"Moscow, Russia",n/a
711-720,Ton Duc Thang University,"Ho Chi Minh City, Vietnam",n/a
711-720,University of Mumbai,"Mumbai, India",n/a
711-720,Université de Franche-Comté,"Besançon, France",n/a
721-730,Brandeis University,"Waltham, United States",n/a
721-730,Budapest University of Technology and Economics,"Budapest, Hungary",n/a
721-730,Diponegoro University,"Semarang, Indonesia",n/a
721-730,Drexel University,"Philadelphia, United States",n/a
721-730,Effat University,"Jeddah, Saudi Arabia",n/a
721-730,Jadavpur University,"Kolkata, India",n/a
721-730,Konkuk University ,"Seoul, South Korea",n/a
721-730,Lanzhou University,"Lanzhou, China (Mainland)",n/a
721-730,Middlesex University,"London, United Kingdom",n/a
721-730,Riga Technical University,"Riga, Latvia",n/a
721-730,University of Modena and Reggio Emilia,"Modena, Italy",n/a
721-730,University of Trieste,"Trieste, Italy",n/a
721-730,Université de Lille,"Lille, France",n/a
721-730,Université de Rennes 1,"Rennes, France",n/a
731-740,Universitat Rovira i Virgili,"Tarragona, Spain",n/a
731-740,University of Belgrade,"Belgrade, Serbia",n/a
731-740,Université Côte d'Azur,"Nice, France",n/a
741-750,Altai State University,"Barnaul, Russia",n/a
741-750,Carleton University,"Ottawa, Canada",n/a
741-750,Universidad Católica Andres Bello,"Caracas City, Venezuela",n/a
741-750,Universidad de Montevideo (UM),"Montevideo, Uruguay",n/a
741-750,Universiti Malaysia Pahang Al-Sultan Abdullah (UMPSA),"Kuantan, Malaysia",n/a
741-750,University of Central Florida,"Orlando, United States",n/a
741-750,University of Westminster,"London, United Kingdom",n/a
741-750,University of the West of England,"Bristol, United Kingdom",n/a
741-750,Universität Regensburg,"Regensburg, Germany",n/a
741-750,V. N. Karazin Kharkiv National University,"Kharkiv, Ukraine",n/a
741-750,Victoria University ,"Melbourne, Australia",n/a
741-750,Vytautas Magnus University,"Kaunas, Lithuania",n/a
741-750,Wake Forest University,"Winston-Salem, United States",n/a
751-760,Instituto Tecnológico Autónomo de México (ITAM),"Mexico City, Mexico",n/a
751-760,Kaunas University of Technology,"Kaunas, Lithuania",n/a
751-760,Technische Universität Braunschweig,"Braunschweig, Germany",n/a
751-760,Tokyo University of Science,"Kagurazaka, Japan",n/a
751-760,Universidade de Brasília,"Brasília, Brazil",n/a
751-760,Universita' Politecnica delle Marche,"Ancona, Italy",n/a
751-760,University of Calcutta,"Kolkata, India",n/a
751-760,University of Engineering & Technology (UET) Lahore,"Lahore, Pakistan",n/a
751-760,University of Malta,"Msida, Malta",n/a
751-760,University of Messina (UniME),"Messina, Italy",n/a
761-770,"Adam Mickiewicz University, Poznań","Poznań, Poland",n/a
761-770,Bangladesh University of Engineering and Technology,"Dhaka, Bangladesh",n/a
761-770,King Faisal University,"Hofuf, Saudi Arabia",n/a
761-770,Nanjing University of Aeronautics and Astronautics,"Nanjing, China (Mainland)",n/a
761-770,University of Cincinnati,"Cincinnati, United States",n/a
761-770,"University of Colorado, Denver ","Denver, United States",n/a
761-770,University of Patras,"Patras, Greece",n/a
771-780,Addis Ababa University,"Addis Ababa, Ethiopia",n/a
771-780,Bournemouth University,"Poole, United Kingdom",n/a
771-780,Chiba University,"Chiba City, Japan",n/a
771-780,China University of Geosciences,"Wuhan, China (Mainland)",n/a
771-780,"El Colegio de México, A.C.","Mexico City, Mexico",n/a
771-780,Holy Spirit University of Kaslik ,"Jounieh, Lebanon",n/a
771-780,Universidad del Rosario,"Bogotá, Colombia",n/a
771-780,"University of Maryland, Baltimore County","Baltimore, United States",n/a
771-780,University of Pecs,"Pécs, Hungary",n/a
771-780,Université de Tunis El Manar,"Tunis, Tunisia",n/a
771-780,Verona University,"Verona, Italy",n/a
781-790,Babes-Bolyai University,"Cluj-Napoca, Romania",n/a
781-790,Kasetsart University,"Bangkok, Thailand",n/a
781-790,National University of Uzbekistan named after Mirzo Ulugbek,"Tashkent, Uzbekistan",n/a
781-790,Qassim University,"Buraydah, Saudi Arabia",n/a
781-790,Texas Tech University,"Lubbock, United States",n/a
781-790,The New School,"New York, United States",n/a
781-790,Universidad de Belgrano,"Buenos Aires, Argentina",n/a
781-790,Universidade Federal de Santa Catarina ,"Florianópolis, Brazil",n/a
781-790,University of Latvia,"Riga, Latvia",n/a
781-790,University of Mons ,"Mons, Belgium",n/a
781-790,Zurich University of Applied Sciences (ZHAW),"Winterthur, Switzerland",n/a
791-800,Alfaisal University,"Riyadh, Saudi Arabia",n/a
791-800,Ivane Javakhishvili Tbilisi State University,"Tbilisi, Georgia",n/a
791-800,Keele University,"Keele, United Kingdom",n/a
791-800,New Jersey Institute of Technology (NJIT),"Newark, United States",n/a
791-800,Sechenov University,"Moscow, Russia",n/a
791-800,Universidad de Antioquia,"Medellin, Colombia",n/a
791-800,University of Kentucky,"Lexington, United States",n/a
791-800,University of New Mexico,"Albuquerque, United States",n/a
791-800,"Vellore Institute of Technology (VIT), Vellore, India","Vellore, India",n/a
791-800,Wayne State University,"Detroit, United States",n/a
801-850,Al-Ahliyya Amman University,"Amman, Jordan",n/a
801-850,Alexandria University ,"Alexandria, Egypt",n/a
801-850,Ankara Üniversitesi,"Ankara, Türkiye",n/a
801-850,Asia University Taiwan,"Taichung City, Taiwan",n/a
801-850,Beijing University of Technology,"Beijing, China (Mainland)",n/a
801-850,Belarusian National Technical University (BNTU),"Minsk, Belarus",n/a
801-850,"Birla Institute of Technology and Science, Pilani","Pilani, India",n/a
801-850,Edinburgh Napier University,"Edinburgh, United Kingdom",n/a
801-850,Gdańsk University of Technology,"Gdańsk, Poland",n/a
801-850,Huazhong Agricultural University,"Wuhan, China (Mainland)",n/a
801-850,Immanuel Kant Baltic Federal University,"Kaliningrad, Russia",n/a
801-850,Instituto Politécnico Nacional (IPN),"Ciudad de México, Mexico",n/a
801-850,Jouf University,"Sakaka, Saudi Arabia",n/a
801-850,Khoja Akhmet Yassawi International Kazakh-Turkish University,"Turkestan, Kazakhstan",n/a
801-850,Kuwait University,"Kuwait City, Kuwait",n/a
801-850,Liverpool John Moores University,"Liverpool , United Kingdom",n/a
801-850,London South Bank University,"London, United Kingdom",n/a
801-850,Maynooth University,"Maynooth, Ireland",n/a
801-850,"National Technical University of Ukraine ""Igor Sikorsky Kyiv Polytechnic Institute""","Kyiv, Ukraine",n/a
801-850,Ocean University of China,"Qingdao, China (Mainland)",n/a
801-850,Philipps-Universität Marburg ,"Marburg, Germany",n/a
801-850,Pontificia Universidad Católica de Valparaíso,"Valparaíso, Chile",n/a
801-850,Rutgers University–Newark,"Newark, United States",n/a
801-850,Syracuse University,"Syracuse, United States",n/a
801-850,TU Dortmund University,"Dortmund, Germany",n/a
801-850,The Catholic University of Korea ,"Gyeonggi, South Korea",n/a
801-850,Toronto Metropolitan University (formerly Ryerson University),"Toronto, Canada",n/a
801-850,Universidad Anáhuac México,"Huixquilucan, Mexico",n/a
801-850,Universidad Iberoamericana Ciudad de México - IBERO,"Mexico City, Mexico",n/a
801-850,Universidad San Francisco de Quito (USFQ),"Quito, Ecuador",n/a
801-850,Universitas Brawijaya ,"Malang, Indonesia",n/a
801-850,Universiti Tunku Abdul Rahman (UTAR),"Kampar, Malaysia",n/a
801-850,University of Alaska Fairbanks,"Fairbanks, United States",n/a
801-850,University of Alicante,"Alicante, Spain",n/a
801-850,University of Baghdad,"Baghdad, Iraq",n/a
801-850,University of Bari,"Bari, Italy",n/a
801-850,University of Brighton,"Brighton, United Kingdom",n/a
801-850,University of Bucharest,"Bucharest, Romania",n/a
801-850,University of Hyderabad,"Hyderabad, India",n/a
801-850,University of Oregon,"Eugene, United States",n/a
801-850,UPES,"Dehradun, India",n/a
801-850,University of Salerno,"Fisciano, Italy",n/a
801-850,University of Stavanger,"Stavanger, Norway",n/a
801-850,University of Ulsan ,"Ulsan, South Korea",n/a
801-850,Università degli Studi di Perugia,"Perugia, Italy",n/a
801-850,Universität Duisburg-Essen,"Duisburg, Germany",n/a
801-850,Universität Rostock,"Rostock, Germany",n/a
801-850,Université de Lorraine,"Nancy, France",n/a
801-850,Wuhan University of Technology,"Wuhan, China (Mainland)",n/a
851-900,AGH University of Krakow,"Krakow, Poland",n/a
851-900,Al-Quds University,"East Jerusalem, Palestinian Territories",n/a
851-900,Applied Science Private University - Jordan,"Amman, Jordan",n/a
851-900,CY Cergy Paris University,"Paris, France",n/a
851-900,Charles Sturt University ,"Bathurst, Australia",n/a
851-900,Chonnam National University,"Gwangju, South Korea",n/a
851-900,Chungnam National University,"Daejeon, South Korea",n/a
851-900,Clarkson University,"Potsdam, United States",n/a
851-900,Donghua University,"Shanghai, China (Mainland)",n/a
851-900,Georgia State University,"Atlanta, United States",n/a
851-900,Gulf University for Science and Technology,"Kuwait City, Kuwait",n/a
851-900,Jamia Millia Islamia,"New Delhi, India",n/a
851-900,Kansas State University ,"Manhattan, United States",n/a
851-900,Karaganda State Technical University,"Karaganda, Kazakhstan",n/a
851-900,Kyrgyz Russian Slavic University,"Bishkek, Kyrgyzstan",n/a
851-900,Mendel University in Brno,"Brno, Czechia",n/a
851-900,Nagasaki University,"Nagasaki City, Japan",n/a
851-900,North-West University,"Potchefstroom, South Africa",n/a
851-900,Northwest Agriculture and Forestry University,"Yangling, China (Mainland)",n/a
851-900,Okayama University,"Okayama City, Japan",n/a
851-900,Oklahoma State University ,"Stillwater, United States",n/a
851-900,Pavol Jozef Šafárik University in Košice,"Košice, Slovakia",n/a
851-900,Poznan University of Life Sciences,"Poznań, Poland",n/a
851-900,Shahid Beheshti University (SBU),"Tehran, Iran",n/a
851-900,Swarthmore College,"Philadelphia, United States",n/a
851-900,Technological University Dublin,"Dublin, Ireland",n/a
851-900,Thapar Institute of Engineering & Technology,"Patiala, India",n/a
851-900,Tokyo University of Agriculture and Technology ,"Tokyo, Japan",n/a
851-900,UNIVERSITY OF GDANSK,"Gdańsk, Poland",n/a
851-900,Universidad ORT Uruguay,"Montevideo, Uruguay",n/a
851-900,Universidad de Valladolid,"Valladolid, Spain",n/a
851-900,Universita' degli Studi di Ferrara,"Ferrara, Italy",n/a
851-900,University Duesseldorf,"Düsseldorf, Germany",n/a
851-900,University at Albany SUNY,"Albany, United States",n/a
851-900,University of Dubai,"Dubai, United Arab Emirates",n/a
851-900,University of Ghana,"Legon, Ghana",n/a
851-900,University of Hertfordshire,"Hatfield, United Kingdom",n/a
851-900,University of Lincoln,"Lincoln, United Kingdom",n/a
851-900,University of Mississippi,"Oxford, United States",n/a
851-900,University of Palermo,"Palermo, Italy",n/a
851-900,University of Santo Tomas,"Manila, Philippines",n/a
851-900,University of South Africa,"Pretoria, South Africa",n/a
851-900,University of Wroclaw,"Wroclaw, Poland",n/a
851-900,Nantes Université,"Nantes, France",n/a
851-900,Université de Sherbrooke,"Sherbrooke, Canada",n/a
851-900,Université du Québec,"Québec, Canada",n/a
851-900,"Vietnam National University, Hanoi ","Hanoi, Vietnam",n/a
851-900,Vilnius Gediminas Technical University (VILNIUS TECH),"Vilnius, Lithuania",n/a
851-900,Virginia Commonwealth University,"Richmond, United States",n/a
851-900,Yildiz Technical University,"Istanbul, Türkiye",n/a
901-950,Australian Catholic University,"Melbourne, Australia",n/a
901-950,Beijing Jiaotong University,"Beijing, China (Mainland)",n/a
901-950,Beijing University of Posts and Telecommunications,"Beijing, China (Mainland)",n/a
901-950,Catania University,"Catania, Italy",n/a
901-950,Future University in Egypt,"New Cairo, Egypt",n/a
901-950,Gazi Üniversitesi,"Ankara, Türkiye",n/a
901-950,Georgian Technical University ,"Tbilisi, Georgia",n/a
901-950,German Jordanian University,"Amman, Jordan",n/a
901-950,Imam Mohammad Ibn Saud Islamic University – IMSIU,"Riyadh, Saudi Arabia",n/a
901-950,Kanazawa University,"Kanazawa, Japan",n/a
901-950,Karaganda Buketov University,"Karaganda, Kazakhstan",n/a
901-950,Kyrgyz-Turkish Manas University,"Bishkek, Kyrgyzstan",n/a
901-950,Louisiana State University,"Baton Rouge, United States",n/a
901-950,Makerere University,"Kampala, Uganda",n/a
901-950,"Manipal Academy of Higher Education, Manipal, Karnataka, India","Manipal, India",n/a
901-950,Michigan Technological University,"Houghton, United States",n/a
901-950,National Research Saratov State University,"Saratov, Russia",n/a
901-950,Nicolaus Copernicus University ,"Toruń, Poland",n/a
901-950,North South University,"Dhaka, Bangladesh",n/a
901-950,Osaka Metropolitan University,"Osaka, Japan",n/a
901-950,Princess Sumaya University for Technology,"Amman, Jordan",n/a
901-950,Ritsumeikan Asia Pacific University ,"Beppu City, Japan",n/a
901-950,Robert Gordon University,"Aberdeen, United Kingdom",n/a
901-950,South Ural State University (National Research University),"Chelyabinsk, Russia",n/a
901-950,Universidad Católica del Uruguay (UCU),"Montevideo, Uruguay",n/a
901-950,"Universidad Central ""Marta Abreu"" de Las Villas","Santa Clara, Cuba",n/a
901-950,Universidad EAFIT,"Medellin, Colombia",n/a
901-950,Universidad Externado de Colombia ,"Bogotá, Colombia",n/a
901-950,Universidad Nacional Mayor de San Marcos,"Lima, Peru",n/a
901-950,Universidad Nacional de Córdoba - UNC,"Córdoba, Argentina",n/a
901-950,Universidad Pontificia Bolivariana ,"Medellín, Colombia",n/a
901-950,Universidade Católica Portuguesa,"Lisbon, Portugal",n/a
901-950,Universidade de Vigo,"Vigo, Spain",n/a
901-950,Universite Paris-Pantheon-Assas,"Paris, France",n/a
901-950,University of Alabama at Birmingham ,"Birmingham, United States",n/a
901-950,University of Calabria,"Rende, Italy",n/a
901-950,University of East London,"London, United Kingdom",n/a
901-950,University of Ha'il,"Hail, Saudi Arabia",n/a
901-950,University of Lodz,"Lodz, Poland",n/a
901-950,University of Maribor,"Maribor, Slovenia",n/a
901-950,University of Murcia,"Murcia, Spain",n/a
901-950,University of Nairobi,"Nairobi, Kenya",n/a
901-950,University of Peshawar,"Peshawar, Pakistan",n/a
901-950,University of Salford,"Salford, United Kingdom",n/a
901-950,Università degli Studi della Tuscia (University of Tuscia),"Viterbo, Italy",n/a
901-950,Università degli studi Roma Tre,"Rome, Italy",n/a
901-950,Viet Nam National University Ho Chi Minh City (VNU-HCM),"Ho Chi Minh City, Vietnam",n/a
901-950,Worcester Polytechnic Institute,"Worcester, United States",n/a
901-950,Wroclaw University of Science and Technology (WRUST),"Wroclaw , Poland",n/a
901-950,Yerevan State University,"Yerevan, Armenia",n/a
901-950,Yokohama City University,"Yokohama City, Japan",n/a
951-1000,Almaty Technological University,"Provo, Kazakhstan",n/a
951-1000,Athens University of Economics and Business,"Athens, Greece",n/a
951-1000,Auburn University,"Auburn, United States",n/a
951-1000,Baku State University,"Baku, Azerbaijan",n/a
951-1000,Bina Nusantara University (BINUS),"Jakarta, Indonesia",n/a
951-1000,Clark University,"Worcester, United States",n/a
951-1000,Clemson University,"Clemson, United States",n/a
951-1000,D. Serikbayev East Kazakhstan Technical University,"Ust-Kamenogorsk, Kazakhstan",n/a
951-1000,Ferdowsi University of Mashhad,"Mashhad, Iran",n/a
951-1000,Financial University under the Government of the Russian Federation,"Moscow, Russia",n/a
951-1000,Hallym University ,"Chuncheon, South Korea",n/a
951-1000,Indian Institute of Technology Bhubaneswar,"Bhubaneswar, India",n/a
951-1000,Instituto Tecnológico de Buenos Aires (ITBA),"Buenos Aires, Argentina",n/a
951-1000,Khon Kaen University,"Khon Kaen, Thailand",n/a
951-1000,King Mongkut's University of Technology Thonburi ,"Bangkok, Thailand",n/a
951-1000,Kumamoto University,"Kumamoto City, Japan",n/a
951-1000,Mansoura University,"Mansoura , Egypt",n/a
951-1000,Niigata University,"Niigata City, Japan",n/a
951-1000,Northern Borders University,"Arar, Saudi Arabia",n/a
951-1000,Pontificia Universidad Católica del Ecuador (PUCE),"Quito, Ecuador",n/a
951-1000,Prince of Songkla University,"Hat Yai, Thailand",n/a
951-1000,"Queen Margaret University , Edinburgh","Musselburgh, United Kingdom",n/a
951-1000,Rhodes University ,"Grahamstown, South Africa",n/a
951-1000,Riga Stradins University,"Riga, Latvia",n/a
951-1000,Asfendiyarov Kazakh National Medical University,"Almaty, Kazakhstan",n/a
951-1000,Saveetha Institute of Medical And Technical Sciences (SIMATS),"Tiruvallur, India",n/a
951-1000,Sophia University ,"Tokyo, Japan",n/a
951-1000,Southern Federal University,"Rostov-on-Don, Russia",n/a
951-1000,Saint Louis University,"St. Louis, United States",n/a
951-1000,The University of Alabama,"Tuscaloosa, United States",n/a
951-1000,The University of Lahore,"Lahore, Pakistan",n/a
951-1000,Universidad Autónoma Metropolitana (UAM),"Mexico City, Mexico",n/a
951-1000,Universidad Nacional de Rosario (UNR),"Rosario, Argentina",n/a
951-1000,Universidad Torcuato Di Tella,"Buenos Aires, Argentina",n/a
951-1000,Universidad Técnica Federico Santa María (USM),"Valparaíso, Chile",n/a
951-1000,Universidad de Córdoba,"Córdoba, Spain",n/a
951-1000,Universidad de La Sabana,"Bogotá, Colombia",n/a
951-1000,Universidad de León,"León, Spain",n/a
951-1000,Universidad de San Andrés - UdeSA,"Buenos Aires, Argentina",n/a
951-1000,Universidad de los Andes - Chile,"Santiago, Chile",n/a
951-1000,Universiti Pendidikan Sultan Idris (UPSI),"Tanjong Malim, Malaysia",n/a
951-1000,University of Bahrain,"Zallaq, Bahrain",n/a
951-1000,University of Central Lancashire,"Preston, United Kingdom",n/a
951-1000,University of Colombo,"Colombo,, Sri Lanka",n/a
951-1000,University of Denver,"Denver, United States",n/a
951-1000,University of Parma,"Parma, Italy",n/a
951-1000,University of Regina,"Regina, Canada",n/a
951-1000,University of South Bohemia in České Budějovice ,"České Budějovice, Czechia",n/a
951-1000,University of the Western Cape,"Cape Town, South Africa",n/a
951-1000,Université Paris 13 Nord,"Villetaneuse, France",n/a
951-1000,Université Toulouse 1 Capitole,"Toulouse, France",n/a
951-1000,Yarmouk University,"Irbid, Jordan",n/a
951-1000,Yeungnam University ,"Gyeongsan, South Korea",n/a
1001-1200,Al-Azhar University,"Cairo, Egypt",n/a
1001-1200,Aligarh Muslim University,"Aligarh, India",n/a
1001-1200,Amity University,"Noida, India",n/a
1001-1200,Amrita Vishwa Vidyapeetham,"Amritapuri, India",n/a
1001-1200,An-Najah National University,"Nablus, Palestinian Territories",n/a
1001-1200,"Arab Academy for Science, Technology and Maritime Transport (AASTMT)  ","Alexandria, Egypt",n/a
1001-1200,Assiut University ,"Asyut, Egypt",n/a
1001-1200,Azerbaijan State Oil and Industry University,"Baku, Azerbaijan",n/a
1001-1200,Azerbaijan State University of Economics,"Baku, Azerbaijan",n/a
1001-1200,BRAC University,"Dhaka, Bangladesh",n/a
1001-1200,Banaras Hindu University,"Varanasi, India",n/a
1001-1200,Baylor University,"Waco, United States",n/a
1001-1200,Bielefeld University,"Bielefeld, Germany",n/a
1001-1200,Binghamton University SUNY,"Binghamton, United States",n/a
1001-1200,Birmingham City University ,"Birmingham, United Kingdom",n/a
1001-1200,Brigham Young University,"Provo, United States",n/a
1001-1200,Canterbury Christ Church University,"Bexleyheath, United Kingdom",n/a
1001-1200,Chang Jung Christian University,"Tainan City, Taiwan",n/a
1001-1200,Chung Yuan Christian University,"Taoyuan City, Taiwan",n/a
1001-1200,Chungbuk National University,"Cheongju, South Korea",n/a
1001-1200,William & Mary,"Williamsburg, United States",n/a
1001-1200,Corvinus University of Budapest,"Budapest, Hungary",n/a
1001-1200,Cracow University of Technology (Politechnika Krakowska),"Krakow, Poland",n/a
1001-1200,Dankook University ,"Seoul, South Korea",n/a
1001-1200,EGE UNIVERSITY,"İzmir, Türkiye",n/a
1001-1200,Escuela Superior Politécnica del Litoral (ESPOL),"Guayaquil, Ecuador",n/a
1001-1200,Fordham University ,"New York City, United States",n/a
1001-1200,Gebze Technical University (GTU),"Gebze, Türkiye",n/a
1001-1200,George Mason University,"Fairfax, United States",n/a
1001-1200,Gifu University,"Gifu City, Japan",n/a
1001-1200,Glasgow Caledonian University,"Glasgow, United Kingdom",n/a
1001-1200,Gunma University,"Maebashi, Japan",n/a
1001-1200,Guru Gobind Singh Indraprastha University,"New Delhi, India",n/a
1001-1200,Harbin Engineering University,"Harbin, China (Mainland)",n/a
1001-1200,Hohai University,"Nanjing, China (Mainland)",n/a
1001-1200,Howard University,"Washington D.C., United States",n/a
1001-1200,MATE Hungarian University of Agriculture and Life Sciences,"Budapest, Hungary",n/a
1001-1200,"ITESO, Universidad Jesuita de Guadalajara","Tlaquepaque, Mexico",n/a
1001-1200,Indiana University–Purdue University Indianapolis,"Indianapolis, United States",n/a
1001-1200,International Christian University,"Tokyo, Japan",n/a
1001-1200,"International Islamic University, Islamabad (IIU)","Islamabad, Pakistan",n/a
1001-1200,Islamic University of Madinah,"Madinah, Saudi Arabia",n/a
1001-1200,Jiangnan University,"Wuxi, China (Mainland)",n/a
1001-1200,Kagoshima University,"Kagoshima City, Japan",n/a
1001-1200,Kangwon National University,"Chuncheon, South Korea",n/a
1001-1200,Kazakh-British Technical University,"Almaty, Kazakhstan",n/a
1001-1200,Kent State University,"Kent, United States",n/a
1001-1200,Kyushu Institute of Technology ,"Kitakyushu, Japan",n/a
1001-1200,Leeds Beckett University,"Leeds, United Kingdom",n/a
1001-1200,Lobachevsky University,"Nizhny Novgorod, Russia",n/a
1001-1200,Lodz University of Technology,"Lodz, Poland",n/a
1001-1200,London Metropolitan University,"London, United Kingdom",n/a
1001-1200,Loyola University Chicago,"Chicago, United States",n/a
1001-1200,Lviv Polytechnic National University,"Lviv, Ukraine",n/a
1001-1200,Marmara University,"Istanbul, Türkiye",n/a
1001-1200,Mississippi State University,"Starkville, United States",n/a
1001-1200,Multimedia University (MMU),"Cyberjaya, Malaysia",n/a
1001-1200,Mustansiriyah University,"Baghdad, Iraq",n/a
1001-1200,Mutah University,"Mu'tah, Jordan",n/a
1001-1200,Mykolas Romeris University,"Vilnius, Lithuania",n/a
1001-1200,NJSC KIMEP University,"Almaty, Kazakhstan",n/a
1001-1200,Nanjing Normal University,"Nanjing, China (Mainland)",n/a
1001-1200,Narxoz University,"Almaty, Kazakhstan",n/a
1001-1200,National Chung Cheng University,"Minxiong Township, Taiwan",n/a
1001-1200,"National Technical University  ""Kharkiv Polytechnic Institute""","Kharkiv, Ukraine",n/a
1001-1200,National University of Kyiv-Mohyla Academy (NaUKMA),"Kyiv, Ukraine",n/a
1001-1200,Northern Arizona University,"Flagstaff, United States",n/a
1001-1200,Northwest University (China),"Xi'an, China (Mainland)",n/a
1001-1200,O.P. Jindal Global University (JGU),"Sonepat, India",n/a
1001-1200,Ohio University,"Athens, United States",n/a
1001-1200,Panjab University,"Chandigarh, India",n/a
1001-1200,Paul Valéry University Montpellier,"Montpellier, France",n/a
1001-1200,Pontifícia Universidade Católica de São Paulo,"São Paulo, Brazil",n/a
1001-1200,Poznan University of Technology,"Poznan, Poland",n/a
1001-1200,Rochester Institute of Technology (RIT),"Rochester, United States",n/a
1001-1200,Russian Presidential Academy of National Economy and Public Administration,"Moscow, Russia",n/a
1001-1200,SRM Institute of Science and Technology,"Chennai, India",n/a
1001-1200,Saint Petersburg Electrotechnical University ETU-LETI,"St. Petersburg, Russia",n/a
1001-1200,Saint-Petersburg Mining University,"St. Petersburg, Russia",n/a
1001-1200,Samara National Research University (Samara University),"Samara, Russia",n/a
1001-1200,San Diego State University,"San Diego , United States",n/a
1001-1200,Sheffield Hallam University,"Sheffield, United Kingdom",n/a
1001-1200,Shinshu University ,"Matsumoto City, Japan",n/a
1001-1200,"Siberian Federal University, SibFU","Krasnoyarsk, Russia",n/a
1001-1200,Silesian University of Technology,"Gliwice, Poland",n/a
1001-1200,Slovak University of Agriculture in Nitra,"Nitra, Slovakia",n/a
1001-1200,Slovak University of Technology in Bratislava,"Bratislava, Slovakia",n/a
1001-1200,Sohar University,"Sohar, Oman",n/a
1001-1200,Soonchunhyang University ,"Asan, South Korea",n/a
1001-1200,Southern Methodist University,"Dallas, United States",n/a
1001-1200,Southwest University,"Chongqing, China (Mainland)",n/a
1001-1200,Sumy State University,"Sumy, Ukraine",n/a
1001-1200,Sungshin Women's University,"Seoul, South Korea",n/a
1001-1200,Szechenyi Istvan University (University of Gyor),"Győr, Hungary",n/a
1001-1200,Taibah University,"Medina, Saudi Arabia",n/a
1001-1200,Tallinn University ,"Tallinn, Estonia",n/a
1001-1200,Technical University of Kosice,"Košice, Slovakia",n/a
1001-1200,Tecnológico de Costa Rica -TEC,"Cartago, Costa Rica",n/a
1001-1200,Telkom University,"Bandung, Indonesia",n/a
1001-1200,The Hashemite University,"Zarqa, Jordan",n/a
1001-1200,The University of Northampton,"Northampton, United Kingdom",n/a
1001-1200,The University of Texas at Arlington,"Arlington, United States",n/a
1001-1200,Tokushima University,"Tokushima City, Japan",n/a
1001-1200,Tokyo Metropolitan University,"Tokyo, Japan",n/a
1001-1200,Universidad Andrés Bello,"Santiago, Chile",n/a
1001-1200,Universidad Austral de Chile,"Valdivia, Chile",n/a
1001-1200,Universidad Autonoma Chapingo,"Texcoco, Mexico",n/a
1001-1200,Universidad Autónoma de Nuevo León,"San Nicolás de los Garza, Mexico",n/a
1001-1200,Universidad Autónoma del Estado de México (UAEMex),"Toluca de Lerdo, Mexico",n/a
1001-1200,Universidad Diego Portales (UDP),"Santiago, Chile",n/a
1001-1200,Universidad ICESI,"Cali, Colombia",n/a
1001-1200,Universidad Nacional de Cuyo,"Mendoza, Argentina",n/a
1001-1200,Universidad Nacional de San Luis,"San Luis , Argentina",n/a
1001-1200,Universidad Nacional de la Asunción,"San Lorenzo, Paraguay",n/a
1001-1200,Universidad Nacional del Centro de la Provincia de Buenos Aires (UNICEN),"Tandil, Argentina",n/a
1001-1200,Universidad Peruana Cayetano Heredia (UPCH),"San Martin, Peru",n/a
1001-1200,Universidad Rey Juan Carlos,"Móstoles, Spain",n/a
1001-1200,Universidad Simón Bolívar (USB),"Caracas, Venezuela",n/a
1001-1200,Universidad Tecnológica Nacional (UTN),"Buenos Aires, Argentina",n/a
1001-1200,Universidad Tecnológica de Panamá (UTP),"Panama City, Panama",n/a
1001-1200,Universidad de Castilla-La Mancha,"Ciudad Real, Spain",n/a
1001-1200,Universidad de Guadalajara (UDG),"Guadalajara, Mexico",n/a
1001-1200,Universidad de La Frontera (UFRO),"Temuco, Chile",n/a
1001-1200,Universidad de Lima,"Lima, Peru",n/a
1001-1200,Universidad de Los Andes - (ULA) Mérida,"Merida, Venezuela",n/a
1001-1200,Universidad de Oviedo,"Oviedo, Spain",n/a
1001-1200,Universidad de Puerto Rico,"San Juan, Puerto Rico",n/a
1001-1200,Universidad de Talca,"Talca, Chile",n/a
1001-1200,Universidad de las Américas Puebla (UDLAP),"Cholula, Mexico",n/a
1001-1200,Universidad del Norte ,"Barranquilla, Colombia",n/a
1001-1200,Universidad del Pacífico,"Jesús María, Peru",n/a
1001-1200,Universidad del Valle,"Cali, Colombia",n/a
1001-1200,Universidade Federal Fluminense ,"Rio de Janeiro, Brazil",n/a
1001-1200,Universidade Federal de Pernambuco (UFPE) ,"Recife, Brazil",n/a
1001-1200,Universidade Federal de São Carlos (UFSCar),"São Paulo, Brazil",n/a
1001-1200,Universidade Federal do Paraná - UFPR,"Curitiba, Brazil",n/a
1001-1200,Universidade da Coruña ,"A Coruña, Spain",n/a
1001-1200,"Universita' degli Studi ""G. d'Annunzio"" Chieti Pescara","Chieti, Italy",n/a
1001-1200,Universitas Hasanuddin,"Makassar, Indonesia",n/a
1001-1200,Universitas Sebelas Maret,"Surakarta, Indonesia",n/a
1001-1200,Universitat de Lleida (University of Lleida),"Lleida, Spain",n/a
1001-1200,Universiti Malaysia Sabah (UMS),"Kota Kinabalu, Malaysia",n/a
1001-1200,Universiti Malaysia Sarawak (UNIMAS),"Kuching, Malaysia",n/a
1001-1200,Universiti Malaysia Terengganu (UMT),"Kuala Terengganu, Malaysia",n/a
1001-1200,Universiti Tun Hussein Onn  Malaysia (UTHM),"Batu Pahat, Malaysia",n/a
1001-1200,University of Arkansas Fayetteville ,"Fayetteville, United States",n/a
1001-1200,University of Derby,"Derby, United Kingdom",n/a
1001-1200,University of Deusto,"Bilbao, Spain",n/a
1001-1200,University of Hradec Kralove,"Hradec Králové, Czechia",n/a
1001-1200,University of Ibadan,"Ibadan, Nigeria",n/a
1001-1200,University of Idaho ,"Moscow, United States",n/a
1001-1200,University of Ioannina,"Ioannina, Greece",n/a
1001-1200,University of Karachi,"Karachi, Pakistan",n/a
1001-1200,University of Khartoum,"Khartoum, Sudan",n/a
1001-1200,University of Lagos,"Lagos, Nigeria",n/a
1001-1200,University of Louisville College of Business,"Louisville, United States",n/a
1001-1200,University of Massachusetts Boston,"Boston, United States",n/a
1001-1200,"University of Missouri, Kansas City","Kansas City, United States",n/a
1001-1200,University of Naples Parthenope,"Naples, Italy",n/a
1001-1200,University of New England Australia,"Armidale, Australia",n/a
1001-1200,University of New Hampshire,"Durham, United States",n/a
1001-1200,University of North Carolina at Charlotte,"Charlotte, United States",n/a
1001-1200,University of North Texas,"Denton, United States",n/a
1001-1200,University of Novi Sad,"Novi Sad, Serbia",n/a
1001-1200,University of Rhode Island,"Kingston, United States",n/a
1001-1200,University of Sarajevo ,"Sarajevo, Bosnia & Herzegovina",n/a
1001-1200,University of Seoul ,"Seoul, South Korea",n/a
1001-1200,University of Tabuk,"Tabuk, Saudi Arabia",n/a
1001-1200,University of Texas El Paso ,"El Paso, United States",n/a
1001-1200,University of Texas at San Antonio,"San Antonio, United States",n/a
1001-1200,University of Toledo,"Toledo, United States",n/a
1001-1200,University of Tulsa,"Tulsa, United States",n/a
1001-1200,University of Vermont,"Burlington, United States",n/a
1001-1200,University of Warmia and Mazury in Olsztyn,"Olsztyn, Poland",n/a
1001-1200,University of Wolverhampton,"Telford, United Kingdom",n/a
1001-1200,University of Wyoming,"Laramie, United States",n/a
1001-1200,University of the Free State,"Bloemfontein, South Africa",n/a
1001-1200,University of the Sunshine Coast,"Sippy Downs, Australia",n/a
1001-1200,University of Zilina,"Zilina, Slovakia",n/a
1001-1200,Università degli Studi di Udine,"Udine, Italy",n/a
1001-1200,University of Salento,"Lecce (LE), Italy",n/a
1001-1200,Universität Siegen,"Siegen, Germany",n/a
1001-1200,Université Lumière Lyon 2,"Lyon, France",n/a
1001-1200,Université Mohammed V de Rabat,"Rabat, Morocco",n/a
1001-1200,Université Paris-Nanterre,"Paris, France",n/a
1001-1200,Université de Caen Normandie,"Caen, France",n/a
1001-1200,Université de Poitiers,"Poitiers, France",n/a
1001-1200,University of Sfax,"Sfax, Tunisia",n/a
1001-1200,Université de Sousse,"Sousse, Tunisia",n/a
1001-1200,Université Toulouse - Jean Jaurès,"Toulouse, France",n/a
1001-1200,Université de Tunis,"Tunis, Tunisia",n/a
1001-1200,Utah State University ,"Logan, United States",n/a
1001-1200,VSB - Technical University of Ostrava,"Ostrava, Czechia",n/a
1001-1200,Warsaw University of Life Sciences  SGGW (WULS-SGGW),"Warsaw, Poland",n/a
1001-1200,West Virginia University,"Morgantown, United States",n/a
1001-1200,Xi'an Jiaotong Liverpool University,"Suzhou, China (Mainland)",n/a
1001-1200,Yokohama National University,"Yokohama City, Japan",n/a
1201-1400,Al-Balqa Applied University,"As-Salt, Jordan",n/a
1201-1400,Alexandru Ioan Cuza University,"Iași, Romania",n/a
1201-1400,Anadolu University,"Eskisehir, Türkiye",n/a
1201-1400,Aoyama Gakuin University,"Tokyo, Japan",n/a
1201-1400,Ataturk University,"Erzurum, Türkiye",n/a
1201-1400,Atma Jaya Catholic University of Indonesia,"Jakarta, Indonesia",n/a
1201-1400,Bahauddin Zakariya University ,"Multan, Pakistan",n/a
1201-1400,Beijing Foreign Studies University,"Beijing, China (Mainland)",n/a
1201-1400,Beijing University of Chinese Medicine,"Beijing, China (Mainland)",n/a
1201-1400,Belarusian State University of Informatics and Radioelectronics,"Minsk, Belarus",n/a
1201-1400,Benemerita Universidad Autonoma de Puebla,"Puebla, Mexico",n/a
1201-1400,Birzeit university,"Birzeit, Palestinian Territories",n/a
1201-1400,British University in Egypt,"El Shorouk, Egypt",n/a
1201-1400,Brock University,"St. Catharines, Canada",n/a
1201-1400,The City College of New York,"New York City, United States",n/a
1201-1400,Central Michigan University,"Mount Pleasant, United States",n/a
1201-1400,Chaoyang University of Technology ,"Taichung City, Taiwan",n/a
1201-1400,China University of Political Science and Law,"Beijing, China (Mainland)",n/a
1201-1400,Chitkara University,"Rajpura, India",n/a
1201-1400,Chittagong University of Engineering and Technology,"Chittagong, Bangladesh",n/a
1201-1400,Cleveland State University,"Cleveland , United States",n/a
1201-1400,Cukurova University,"Adana, Türkiye",n/a
1201-1400,Daffodil International University,"Dhaka, Bangladesh",n/a
1201-1400,Damascus University,"Damascus, Syria",n/a
1201-1400,Dokuz Eylul Universitesi,"Izmir, Türkiye",n/a
1201-1400,Doshisha University,"Kyoto, Japan",n/a
1201-1400,Erciyes University,"Kayseri, Türkiye",n/a
1201-1400,Escuela Politécnica Nacional,"Quito, Ecuador",n/a
1201-1400,Feng Chia University,"Taichung City, Taiwan",n/a
1201-1400,Florida Atlantic University - Boca Raton,"Boca Raton, United States",n/a
1201-1400,Fu Jen Catholic University,"New Taipei City, Taiwan",n/a
1201-1400,CEU Universities,"Madrid, Spain",n/a
1201-1400,German University in Cairo,"Cairo, Egypt",n/a
1201-1400,Hanoi University of Science and Technology,"Hanoi, Vietnam",n/a
1201-1400,Harper Adams University,"Newport, United Kingdom",n/a
1201-1400,Helwan University ,"Helwan, Egypt",n/a
1201-1400,Hongik University ,"Seoul, South Korea",n/a
1201-1400,Hue University,"Huế, Vietnam",n/a
1201-1400,Instituto Tecnológico de Santo Domingo (INTEC),"Santo Domingo, Dominican Republic",n/a
1201-1400,Istanbul Aydin University  ,"Istanbul, Türkiye",n/a
1201-1400,Istanbul Bilgi Üniversitesi,"Istanbul, Türkiye",n/a
1201-1400,Ivan Franko National University of Lviv,"Lviv, Ukraine",n/a
1201-1400,Izmir Institute of Technology (IZTECH),"Izmir, Türkiye",n/a
1201-1400,Jahangirnagar University,"Dhaka, Bangladesh",n/a
1201-1400,Jamia Hamdard,"New Delhi, India",n/a
1201-1400,Jeju National University ,"Jeju City, South Korea",n/a
1201-1400,Kazakh Ablai Khan University of International Relations and World Languages,"Almaty, Kazakhstan",n/a
1201-1400,Kazan National Research Technological University,"Kazan, Russia",n/a
1201-1400,Kenyatta University,"Nairobi, Kenya",n/a
1201-1400,Kharkiv National University of Radio Electronics,"Kharkiv, Ukraine",n/a
1201-1400,Khulna University,"Khulna, Bangladesh",n/a
1201-1400,Khulna University of Engineering and Technology,"Khulna, Bangladesh",n/a
1201-1400,Kindai University (Kinki University),"Osaka City, Japan",n/a
1201-1400,King Mongkut's University of Technology North Bangkok,"Bangkok, Thailand",n/a
1201-1400,King Mongkut's Institute of Technology Ladkrabang,"Bangkok, Thailand",n/a
1201-1400,Kookmin University ,"Seoul, South Korea",n/a
1201-1400,Kwame Nkrumah University of Science and Technology,"Kumasi, Ghana",n/a
1201-1400,Kyoto Institute of Technology,"Kyoto, Japan",n/a
1201-1400,I. Razzakov Kyrgyz State Technical University,"Bishkek, Kyrgyzstan",n/a
1201-1400,Marquette University,"Milwaukee, United States",n/a
1201-1400,Meiji University,"Tokyo, Japan",n/a
1201-1400,Mendeleev University of Chemical Technology,"Moscow, Russia",n/a
1201-1400,Miami University,"Oxford, United States",n/a
1201-1400,Moscow Pedagogical State University,"Moscow, Russia",n/a
1201-1400,Nagoya Institute of Technology (NIT),"Nagoya, Japan",n/a
1201-1400,National Dong Hwa University,"Hualien City, Taiwan",n/a
1201-1400,National Research University Moscow Power Engineering Institute (MPEI),"Moscow, Russia",n/a
1201-1400,National Taipei University,"Taipei, Taiwan",n/a
1201-1400,National Taiwan Ocean University,"Keelung City, Taiwan",n/a
1201-1400,Novosibirsk State Technical University,"Novosibirsk, Russia",n/a
1201-1400,OSMANIA UNIVERSITY,"Hyderabad, India",n/a
1201-1400,Odessa I.I.Mechnikov National University,"Odessa, Ukraine",n/a
1201-1400,Perm State National Research University,"Perm, Russia",n/a
1201-1400,Pondicherry University,"Puducherry, India",n/a
1201-1400,Pontificia Universidad Católica Madre y Maestra (PUCMM),"Santiago, Dominican Republic",n/a
1201-1400,"Pontifícia Universidade Católica do Rio Grande do Sul, PUCRS","Porto Alegre, Brazil",n/a
1201-1400,Portland State University,"Portland, United States",n/a
1201-1400,Pukyong National University ,"Busan, South Korea",n/a
1201-1400,Rikkyo University,"Tokyo, Japan",n/a
1201-1400,Saitama University,"Saitama City, Japan",n/a
1201-1400,Saken Seifullin Kazakh Agrotechnical University,"Nur-Sultan, Kazakhstan",n/a
1201-1400,San Francisco State University,"San Francisco, United States",n/a
1201-1400,Sathyabama Institute of Science and Technology (Deemed to be University),"Chennai, India",n/a
1201-1400,Seattle University,"Seattle, United States",n/a
1201-1400,Seoul National University of Science and Technology,"Seoul, South Korea",n/a
1201-1400,Shahjalal University of Science and Technology,"Sylhet, Bangladesh",n/a
1201-1400,Shanghai International Studies University,"Shanghai, China (Mainland)",n/a
1201-1400,Shanghai University of Finance and Economics,"Shanghai, China (Mainland)",n/a
1201-1400,"Siksha ‘O’ Anusandhan (Deemed to be University), SOA","Bhubaneswar, India",n/a
1201-1400,Sookmyung Women's University ,"Seoul, South Korea",n/a
1201-1400,Suez Canal University,"Ismailia , Egypt",n/a
1201-1400,"Süleyman Demirel University, Turkey","Isparta, Türkiye",n/a
1201-1400,Suleyman Demirel University,"Kaskelen, Kazakhstan",n/a
1201-1400,Suranaree University of Technology,"Nakhon Ratchasima , Thailand",n/a
1201-1400,Tamkang University,"New Taipei City, Taiwan",n/a
1201-1400,Tanta University ,"Tanta, Egypt",n/a
1201-1400,Technical University of Cluj-Napoca,"Cluj-Napoca, Romania",n/a
1201-1400,Technical University of Liberec,"Liberec, Czechia",n/a
1201-1400,Lublin University of Technology,"Lublin, Poland",n/a
1201-1400,University of Kaiserslautern-Landau(RPTU),"Kaiserslautern, Germany",n/a
1201-1400,"The ""Gheorghe Asachi"" Technical University of Iasi","Iași, Romania",n/a
1201-1400,The Herzen State Pedagogical University of Russia,"None, Russia",n/a
1201-1400,The Josip Juraj Strossmayer University of Osijek,"Osijek, Croatia",n/a
1201-1400,"The National Research University ""Belgorod State University""","Belgorod, Russia",n/a
1201-1400,Tokai University,"Hiratsuka City, Japan",n/a
1201-1400,Tomas Bata University in Zlin,"Zlin, Czechia",n/a
1201-1400,Toraighyrov University,"Pavlodar, Kazakhstan",n/a
1201-1400,Transilvania University of Brasov,"Brasov, Romania",n/a
1201-1400,Tunghai University,"Taichung City, Taiwan",n/a
1201-1400,Universidad Autónoma de Guadalajara (UAG),"Guadalajara, Mexico",n/a
1201-1400,Universidad Autónoma del Estado de Hidalgo (UAEH),"Pachuca, Mexico",n/a
1201-1400,Universidad Católica del Norte,"Antofagasta, Chile",n/a
1201-1400,Universidad Central del Ecuador,"Quito, Ecuador",n/a
1201-1400,Universidad Industrial de Santander - UIS,"Bucaramanga, Colombia",n/a
1201-1400,"Universidad La Salle, México","Mexico City, Mexico",n/a
1201-1400,"ULACIT - Universidad Latinoamericana de Ciencia y Tecnología, Costa Rica","San José, Costa Rica",n/a
1201-1400,Universidad Mayor de San Andrés (UMSA),"La Paz, Bolivia",n/a
1201-1400,Universidad Metropolitana,"Caracas, Venezuela",n/a
1201-1400,Universidad Nacional Agraria la Molina,"Lima, Peru",n/a
1201-1400,Universidad Nacional Autónoma de Honduras (UNAH),"Tegucigalpa, Honduras",n/a
1201-1400,Universidad Nacional de Ingeniería ,"Lima, Peru",n/a
1201-1400,Universidad Nacional de Mar del Plata,"Mar del Plata, Argentina",n/a
1201-1400,Universidad Nacional de Río Cuarto - UNRC,"Río Cuarto, Argentina",n/a
1201-1400,Universidad Nacional de San Martín (UNSAM),"Buenos Aires, Argentina",n/a
1201-1400,Universidad Nacional del Litoral,"Santa Fe, Argentina",n/a
1201-1400,Universidad Nacional del Sur,"Bahia Blanca, Argentina",n/a
1201-1400,Universidad Nacional Costa Rica,"Heredia, Costa Rica",n/a
1201-1400,Universidad Peruana de Ciencias Aplicadas (UPC),"Monterrico, Peru",n/a
1201-1400,Universidad de Las Américas Ecuador,"Quito, Ecuador",n/a
1201-1400,Universidad de Monterrey (UDEM),"San Pedro Garza García, Mexico",n/a
1201-1400,"Universidad de Oriente, Santiago de Cuba","Santiago de Cuba, Cuba",n/a
1201-1400,Universidad de Panamá - UP,"Panama City, Panama",n/a
1201-1400,Universidad de Piura,"Piura, Peru",n/a
1201-1400,Universidad de San Carlos de Guatemala,"Guatemala City, Guatemala",n/a
1201-1400,Universidad de Tarapaca,"Arica, Chile",n/a
1201-1400,Universidad de Valparaíso (UV),"Valparaíso, Chile",n/a
1201-1400,Universidad del Bío-Bío,"Concepción, Chile",n/a
1201-1400,Universidad del Desarrollo (UDD),"Santiago, Chile",n/a
1201-1400,Universidad del Salvador,"Buenos Aires, Argentina",n/a
1201-1400,Universidad del Zulia,"Maracaibo, Venezuela",n/a
1201-1400,Universidade Federal da Bahia,"Salvador, Brazil",n/a
1201-1400,Universidade Federal de Juiz de Fora- (UFJF),"Juiz de For a, Brazil",n/a
1201-1400,Universidade Federal de Pelotas ,"Pelotas, Brazil",n/a
1201-1400,Universidade Federal de Santa Maria,"Santa Maria, Brazil",n/a
1201-1400,Universidade Federal de Viçosa (UFV),"Viçosa, Brazil",n/a
1201-1400,Universidade Federal do Ceará (UFC),"Fortaleza, Brazil",n/a
1201-1400,Universidade Federal do Rio Grande Do Norte,"Rio Grande do Norte, Brazil",n/a
1201-1400,Universidade Presbiteriana Mackenzie,"São Paulo, Brazil",n/a
1201-1400,Universidade do Estado do Rio de Janeiro (UERJ),"Rio de Janeiro, Brazil",n/a
1201-1400,Universitas Islam Indonesia,"Yogyakarta, Indonesia",n/a
1201-1400,Universitas Muhammadiyah Yogyakarta,"Yogyakarta, Indonesia",n/a
1201-1400,Universitas Pendidikan Indonesia,"Bandung , Indonesia",n/a
1201-1400,Universitas Sumatera Utara,"Medan City, Indonesia",n/a
1201-1400,Universitatea de Vest din Timisoara /  West University of Timisoara,"Timișoara, Romania",n/a
1201-1400,Universiti Kuala Lumpur (UniKL),"Kuala Lumpur , Malaysia",n/a
1201-1400,Universiti Malaysia Perlis,"Kangar, Malaysia",n/a
1201-1400,UNIVERSITI TEKNIKAL MALAYSIA MELAKA,"Alor Gajah, Malaysia",n/a
1201-1400,University POLITEHNICA of Bucharest,"Bucharest, Romania",n/a
1201-1400,University of Babylon,"Hillah, Iraq",n/a
1201-1400,University of Basrah,"Basrah, Iraq",n/a
1201-1400,University of Bialystok,"Bialystok, Poland",n/a
1201-1400,University of International Business and Economics,"Beijing, China (Mainland)",n/a
1201-1400,University of Kragujevac,"Kragujevac, Serbia",n/a
1201-1400,University of Kufa,"Kufa, Iraq",n/a
1201-1400,University of Memphis,"Memphis, United States",n/a
1201-1400,University of Miskolc ,"Miskolc, Hungary",n/a
1201-1400,University of Missouri Saint Louis,"St. Louis, United States",n/a
1201-1400,University of Niš,"Niš, Serbia",n/a
1201-1400,University of North Carolina at Greensboro,"Greensboro, United States",n/a
1201-1400,University of Ostrava,"Ostrava, Czechia",n/a
1201-1400,University of Pannonia,"Veszprém, Hungary",n/a
1201-1400,University of Pardubice,"Pardubice, Czechia",n/a
1201-1400,University of Peradeniya ,"Peradeniya, Sri Lanka",n/a
1201-1400,University of Primorska,"Koper, Slovenia",n/a
1201-1400,University of Rajshahi,"Rajshahi, Bangladesh",n/a
1201-1400,University of Rijeka,"Rijeka, Croatia",n/a
1201-1400,University of Rzeszów,"Rzeszow, Poland",n/a
1201-1400,University of San Diego,"San Diego, United States",n/a
1201-1400,University of San Francisco,"San Francisco, United States",n/a
1201-1400,University of Silesia in Katowice,"Katowice, Poland",n/a
1201-1400,University of South Alabama (USA),"Mobile, United States",n/a
1201-1400,University of Split,"Split, Croatia",n/a
1201-1400,University of Sri Jayawardenapura ,"Nugegoda, Sri Lanka",n/a
1201-1400,University of Tyumen,"Tyumen, Russia",n/a
1201-1400,University of West Bohemia ,"Plzen, Czechia",n/a
1201-1400,University of Wisconsin Milwaukee ,"Milwaukee, United States",n/a
1201-1400,University of the Pacific,"Stockton, United States",n/a
1201-1400,Università degli studi di Bergamo,"Bergamo, Italy",n/a
1201-1400,Université Jean Moulin Lyon 3,"Lyon, France",n/a
1201-1400,Université de Limoges,"Limoges, France",n/a
1201-1400,Vancouver Island University,"Nanaimo, Canada",n/a
1201-1400,Voronezh State University,"Voronezh , Russia",n/a
1201-1400,Western Michigan University,"Kalamazoo, United States",n/a
1201-1400,Yamaguchi University ,"Yamaguchi City, Japan",n/a
1201-1400,Universitas Negeri Yogyakarta,"Yogyakarta, Indonesia",n/a
1201-1400,Youngsan University,"Yangsan, South Korea",n/a
1201-1400,Yuan Ze University,"Taoyuan City, Taiwan",n/a
1201-1400,Zagazig University,"Zagazig, Egypt",n/a
1201-1400,Óbuda University,"Budapest, Hungary",n/a
1401+,Don State Technical University,"Rostov-on-Don, Russia",n/a
1401+,Akdeniz Üniversitesi,"Antalya, Türkiye",n/a
1401+,California Polytechnic State University,"San Luis Obispo, United States",n/a
1401+,California State University - Los Angeles,"Los Angeles, United States",n/a
1401+,California State University - Long Beach,"False, False",n/a
1401+,Universidad Católica de Córdoba (UCC),"Córdoba, Argentina",n/a
1401+,East West University ,"Dhaka, Bangladesh",n/a
1401+,Fundación Universidad de Bogotá Jorge Tadeo Lozano,"Bogotá, Colombia",n/a
1401+,Humboldt State University,"Arcata, United States",n/a
1401+,Illinois State University,"Normal, United States",n/a
1401+,"Indian Institute of Information Technology, Allahabad","Prayagraj, India",n/a
1401+,Indiana State University,"Terre Haute, United States",n/a
1401+,IUBATInternational University of Business Agriculture and Technology,"Dhaka, Bangladesh",n/a
1401+,Irkutsk State University,"Irkutsk, Russia",n/a
1401+,Korkyt Ata Kyzylorda University,"Kyzylorda, Kazakhstan",n/a
1401+,Kwansei Gakuin University,"Nishinomiya City, Japan",n/a
1401+,Lucian Blaga University of Sibiu,"Sibiu, Romania",n/a
1401+,M.Kh.Dulaty Taraz Regional University,"Taraz, Kazakhstan",n/a
1401+,MIREA - Russian Technological University,"Moscow, Russia",n/a
1401+,Moscow City University,"Moscow, Russia",n/a
1401+,Naresuan University ,"Phitsanulok, Thailand",n/a
1401+,National University of Life and Environmental sciences of Ukraine,"Kyiv, Ukraine",n/a
1401+,National University of Modern Languages (NUML),"Islamabad, Pakistan",n/a
1401+,Nova Southeastern University,"Fort Lauderdale, United States",n/a
1401+,Pontifícia Universidade Católica de Campinas,"Campinas, Brazil",n/a
1401+,Pontifícia Universidade Católica de Minas Gerais,"Belo Horizonte, Brazil",n/a
1401+,Pontifícia Universidade Católica do Paraná,"Curitiba, Brazil",n/a
1401+,Russian State Agrarian University - Moscow Timiryazev Agricultural Academy,"Moscow, Russia",n/a
1401+,Russian State University for the Humanities ,"Moscow, Russia",n/a
1401+,Sakarya University,"Adapazari, Türkiye",n/a
1401+,Shanghai Normal University,"Shanghai, China (Mainland)",n/a
1401+,Shibaura Institute of Technology,"Koto City, Japan",n/a
1401+,Silpakorn University ,"Bangkok, Thailand",n/a
1401+,Soochow University (Taiwan),"Taipei City, Taiwan",n/a
1401+,Soongsil University,"Seoul, South Korea",n/a
1401+,Stamford University Bangladesh,"Dhaka, Bangladesh",n/a
1401+,State University of Malang (Universitas Negeri Malang),"Malang, Indonesia",n/a
1401+,Stefan cel Mare University of Suceava,"Suceava, Romania",n/a
1401+,"The University of Notre Dame, Australia","Chippendale, Australia",n/a
1401+,Universidad Politécnica Salesiana,"Cuenca, Ecuador",n/a
1401+,Udayana University,"Jimbaran, Indonesia",n/a
1401+,United International University,"Dhaka, Bangladesh",n/a
1401+,Universidad Alberto Hurtado,"Santiago, Chile",n/a
1401+,Universidad Autonoma de Yucatan,"Mérida, Mexico",n/a
1401+,Universidad Autónoma de Aguascalientes (UAA),"Aguascalientes, Mexico",n/a
1401+,Universidad Autónoma de Baja California,"Baja California, Mexico",n/a
1401+,Universidad Autónoma de Chile,"Providencia, Chile",n/a
1401+,Universidad Autónoma de Querétaro (UAQ),"Querétaro, Mexico",n/a
1401+,Universidad Autónoma de San Luis de Potosí,"San Luis Potosí, Mexico",n/a
1401+,Universidad Autónoma del Estado de Morelos (UAEM),"Cuernavaca, Mexico",n/a
1401+,Universidad Bernardo O'Higgins,"Santiago, Chile",n/a
1401+,"Universidad Católica Boliviana ""San Pablo""","La Paz, Bolivia",n/a
1401+,Universidad Católica de Colombia ,"Bogotá, Colombia",n/a
1401+,Universidad Católica de la Santísima Concepción (UCSC),"Concepción, Chile",n/a
1401+,Universidad Católica de Santiago de Guayaquil,"Guayaquil, Ecuador",n/a
1401+,Universidad Católica de Temuco,"Temuco, Chile",n/a
1401+,Universidad Central de Chile ,"Santiago, Chile",n/a
1401+,Universidad de San Nicolás de Hidalgo,"Morelia, Mexico",n/a
1401+,Universidad Nacional de Quilmes,"Bernal, Argentina",n/a
1401+,Universidad Nacional de Tucumà¡n,"San Miguel de Tucumán, Argentina",n/a
1401+,Universidad Nacional del Comahue,"Neuquén, Argentina",n/a
1401+,Universidad Popular Autónoma del Estado de Puebla (UPAEP),"Puebla, Mexico",n/a
1401+,Universidad San Ignacio de Loyola (USIL),"La Molina, Peru",n/a
1401+,Universidad Técnica Particular de Loja,"Loja, Ecuador",n/a
1401+,Universidad Tecnológica de Bolívar,"Cartagena, Colombia",n/a
1401+,Universidad Tecnológica de Pereira,"Pereira, Colombia",n/a
1401+,"Universidad Tecnológica de la Habana José Antonio Echeverría, Cujae","Havana, Cuba",n/a
1401+,Universidad Veracruzana,"Xalapa, Mexico",n/a
1401+,Universidad de Caldas ,"Manizales, Colombia",n/a
1401+,Universidad de Carabobo,"Valencia, Venezuela",n/a
1401+,Universidad de Cartagena ,"Cartagena, Colombia",n/a
1401+,Universidad de Cuenca,"Cuenca, Ecuador",n/a
1401+,Universidad de Córdoba - Colombia,"Montería, Colombia",n/a
1401+,Universidad de Guanajuato,"Guanajuato, Mexico",n/a
1401+,Universidad de La Salle,"Bogotá, Colombia",n/a
1401+,Universidad de La Serena,"La Serena, Chile",n/a
1401+,Universidad de Medellín,"Medellin, Colombia",n/a
1401+,Universidad de Santander - UDES,"Bucaramanga, Colombia",n/a
1401+,Universidad de Sonora,"Hermosillo, Mexico",n/a
1401+,Universidad de las Fuerzas Armadas ESPE (Ex - Escuela Politécnica del Ejército),"Sangolquí, Ecuador",n/a
1401+,Universidad del Cauca,"Popayan, Colombia",n/a
1401+,Universidad del Valle de México (UVM),"Ciudad de México, Mexico",n/a
1401+,Universidade Estadual de Londrina,"Londrina, Brazil",n/a
1401+,Universidade Federal da Paraíba,"João Pessoa, Brazil",n/a
1401+,Universidade Federal de Goiás,"Goiânia, Brazil",n/a
1401+,Universidade Federal de Uberlândia,"Uberlândia, Brazil",n/a
1401+,Universidade Federal do Estado do Rio de Janeiro,"Rio de Janeiro, Brazil",n/a
1401+,Universidade Federal do Pará,"Belém, Brazil",n/a
1401+,Universidade do Estado de Santa Catarina,"Florianópolis, Brazil",n/a
1401+,Universitas Andalas,"Padang, Indonesia",n/a
1401+,Petra Christian University,"Surabaya, Indonesia",n/a
1401+,Universitas Muhammadiyah Surakarta,"Surakarta, Indonesia",n/a
1401+,Universiti Sains Islam Malaysia,"Nilai, Malaysia",n/a
1401+,"Politehnica University Timisoara, UPT","Timișoara, Romania",n/a
1401+,University of Central Oklahoma,"EDMOND, United States",n/a
1401+,University of Craiova,"Craiova, Romania",n/a
1401+,University of Lampung,"Bandar Lampung, Indonesia",n/a
1401+,University of Mataram,"Mataram, Indonesia",n/a
1401+,University of Montana Missoula ,"Missoula , United States",n/a
1401+,University of Oradea,"Oradea, Romania",n/a
1401+,University of San Carlos,"Cebu City, Philippines",n/a
1401+,Western Washington University ,"Bellingham, United States",n/a
